"timestamp","t_sec","pid","process","dedicated_mib","is_game_match"
"2026-09-20 19:40:23.520","0.01","26820","llama-server","7217.5","False"
"2026-09-20 19:40:23.520","0.01","20224","Client-Win64-Shipping","3062","True"
"2026-09-20 19:40:23.520","0.01","2272","dwm","492.1","False"
"2026-09-20 19:40:23.520","0.01","14604","obs64","123","False"
"2026-09-20 19:40:23.520","0.01","22572","msedgewebview2","97.7","False"
"2026-09-20 19:40:23.520","0.01","2656","DSH Desktop","95.8","False"
"2026-09-20 19:40:23.520","0.01","1068","csrss","84.2","False"
"2026-09-20 19:40:23.520","0.01","25848","chrome","56.7","False"
"2026-09-20 19:40:23.520","0.01","21436","QQ","55.5","False"
"2026-09-20 19:40:23.520","0.01","25940","WindowsTerminal","55","False"
"2026-09-20 19:40:23.520","0.01","24348","bililive_browser","49.5","False"
"2026-09-20 19:40:23.520","0.01","17700","livehime","48.8","False"
"2026-09-20 19:40:23.520","0.01","2708","HipsDaemon","45.8","False"
"2026-09-20 19:40:23.520","0.01","12784","explorer","39.1","False"
"2026-09-20 19:40:23.520","0.01","23272","SystemSettings","32.3","False"
"2026-09-20 19:40:23.520","0.01","15204","launcher_main","26.6","False"
"2026-09-20 19:40:23.520","0.01","16008","SearchApp","24.5","False"
"2026-09-20 19:40:23.520","0.01","3696","TextInputHost","15.4","False"
"2026-09-20 19:40:23.520","0.01","18164","LockApp","12.3","False"
"2026-09-20 19:40:23.520","0.01","18564","Video.UI","10.9","False"
"2026-09-20 19:40:23.520","0.01","22644","WeChatAppEx","10.6","False"
"2026-09-20 19:40:23.520","0.01","25340","chrome","9.7","False"
"2026-09-20 19:40:23.520","0.01","4","System","4","False"
"2026-09-20 19:40:25.058","1.54","26820","llama-server","7217.5","False"
"2026-09-20 19:40:25.058","1.54","20224","Client-Win64-Shipping","3299.8","True"
"2026-09-20 19:40:25.058","1.54","2272","dwm","492.1","False"
"2026-09-20 19:40:25.058","1.54","14604","obs64","123","False"
"2026-09-20 19:40:25.058","1.54","22572","msedgewebview2","97.7","False"
"2026-09-20 19:40:25.058","1.54","2656","DSH Desktop","95.8","False"
"2026-09-20 19:40:25.058","1.54","1068","csrss","84.2","False"
"2026-09-20 19:40:25.058","1.54","25848","chrome","56.7","False"
"2026-09-20 19:40:25.058","1.54","21436","QQ","55.5","False"
"2026-09-20 19:40:25.058","1.54","25940","WindowsTerminal","55","False"
"2026-09-20 19:40:25.058","1.54","24348","bililive_browser","49.5","False"
"2026-09-20 19:40:25.058","1.54","17700","livehime","48.8","False"
"2026-09-20 19:40:25.058","1.54","2708","HipsDaemon","45.8","False"
"2026-09-20 19:40:25.058","1.54","12784","explorer","39.1","False"
"2026-09-20 19:40:25.058","1.54","23272","SystemSettings","32.3","False"
"2026-09-20 19:40:25.058","1.54","15204","launcher_main","26.6","False"
"2026-09-20 19:40:25.058","1.54","16008","SearchApp","24.5","False"
"2026-09-20 19:40:25.058","1.54","3696","TextInputHost","15.4","False"
"2026-09-20 19:40:25.058","1.54","18164","LockApp","12.3","False"
"2026-09-20 19:40:25.058","1.54","18564","Video.UI","10.9","False"
"2026-09-20 19:40:25.058","1.54","22644","WeChatAppEx","10.6","False"
"2026-09-20 19:40:25.058","1.54","25340","chrome","9.7","False"
"2026-09-20 19:40:25.058","1.54","4","System","4","False"
"2026-09-20 19:40:26.524","3.01","26820","llama-server","7217.5","False"
"2026-09-20 19:40:26.524","3.01","20224","Client-Win64-Shipping","3299.9","True"
"2026-09-20 19:40:26.524","3.01","2272","dwm","492.1","False"
"2026-09-20 19:40:26.524","3.01","14604","obs64","123","False"
"2026-09-20 19:40:26.524","3.01","22572","msedgewebview2","97.7","False"
"2026-09-20 19:40:26.524","3.01","2656","DSH Desktop","95.8","False"
"2026-09-20 19:40:26.524","3.01","1068","csrss","84.2","False"
"2026-09-20 19:40:26.524","3.01","21436","QQ","55.5","False"
"2026-09-20 19:40:26.524","3.01","25940","WindowsTerminal","55","False"
"2026-09-20 19:40:26.524","3.01","25848","chrome","54.4","False"
"2026-09-20 19:40:26.524","3.01","24348","bililive_browser","49.5","False"
"2026-09-20 19:40:26.524","3.01","17700","livehime","48.8","False"
"2026-09-20 19:40:26.524","3.01","2708","HipsDaemon","45.8","False"
"2026-09-20 19:40:26.524","3.01","12784","explorer","39.1","False"
"2026-09-20 19:40:26.524","3.01","23272","SystemSettings","32.3","False"
"2026-09-20 19:40:26.524","3.01","15204","launcher_main","26.6","False"
"2026-09-20 19:40:26.524","3.01","16008","SearchApp","24.5","False"
"2026-09-20 19:40:26.524","3.01","3696","TextInputHost","15.4","False"
"2026-09-20 19:40:26.524","3.01","18164","LockApp","12.3","False"
"2026-09-20 19:40:26.524","3.01","18564","Video.UI","10.9","False"
"2026-09-20 19:40:26.524","3.01","22644","WeChatAppEx","10.6","False"
"2026-09-20 19:40:26.524","3.01","25340","chrome","9.7","False"
"2026-09-20 19:40:26.524","3.01","4","System","4","False"
"2026-09-20 19:40:27.977","4.46","26820","llama-server","7217.5","False"
"2026-09-20 19:40:27.977","4.46","20224","Client-Win64-Shipping","3299.9","True"
"2026-09-20 19:40:27.977","4.46","2272","dwm","492.1","False"
"2026-09-20 19:40:27.977","4.46","14604","obs64","123","False"
"2026-09-20 19:40:27.977","4.46","22572","msedgewebview2","97.7","False"
"2026-09-20 19:40:27.977","4.46","2656","DSH Desktop","95.8","False"
"2026-09-20 19:40:27.977","4.46","1068","csrss","84.2","False"
"2026-09-20 19:40:27.977","4.46","21436","QQ","55.5","False"
"2026-09-20 19:40:27.977","4.46","25940","WindowsTerminal","55","False"
"2026-09-20 19:40:27.977","4.46","25848","chrome","54.4","False"
"2026-09-20 19:40:27.977","4.46","24348","bililive_browser","49.5","False"
"2026-09-20 19:40:27.977","4.46","17700","livehime","48.8","False"
"2026-09-20 19:40:27.977","4.46","2708","HipsDaemon","45.8","False"
"2026-09-20 19:40:27.977","4.46","12784","explorer","39.1","False"
"2026-09-20 19:40:27.977","4.46","23272","SystemSettings","32.3","False"
"2026-09-20 19:40:27.977","4.46","15204","launcher_main","26.6","False"
"2026-09-20 19:40:27.977","4.46","16008","SearchApp","24.5","False"
"2026-09-20 19:40:27.977","4.46","3696","TextInputHost","15.4","False"
"2026-09-20 19:40:27.977","4.46","18164","LockApp","12.3","False"
"2026-09-20 19:40:27.977","4.46","18564","Video.UI","10.9","False"
"2026-09-20 19:40:27.977","4.46","22644","WeChatAppEx","10.6","False"
"2026-09-20 19:40:27.977","4.46","25340","chrome","9.7","False"
"2026-09-20 19:40:27.977","4.46","4","System","4","False"
"2026-09-20 19:40:29.445","5.93","26820","llama-server","7217.5","False"
"2026-09-20 19:40:29.445","5.93","20224","Client-Win64-Shipping","3303.9","True"
"2026-09-20 19:40:29.445","5.93","2272","dwm","492.1","False"
"2026-09-20 19:40:29.445","5.93","14604","obs64","123","False"
"2026-09-20 19:40:29.445","5.93","22572","msedgewebview2","97.7","False"
"2026-09-20 19:40:29.445","5.93","2656","DSH Desktop","95.8","False"
"2026-09-20 19:40:29.445","5.93","1068","csrss","84.2","False"
"2026-09-20 19:40:29.445","5.93","21436","QQ","55.5","False"
"2026-09-20 19:40:29.445","5.93","25940","WindowsTerminal","55","False"
"2026-09-20 19:40:29.445","5.93","25848","chrome","54.4","False"
"2026-09-20 19:40:29.445","5.93","24348","bililive_browser","49.5","False"
"2026-09-20 19:40:29.445","5.93","17700","livehime","48.8","False"
"2026-09-20 19:40:29.445","5.93","2708","HipsDaemon","45.8","False"
"2026-09-20 19:40:29.445","5.93","12784","explorer","39.1","False"
"2026-09-20 19:40:29.445","5.93","23272","SystemSettings","32.3","False"
"2026-09-20 19:40:29.445","5.93","15204","launcher_main","26.6","False"
"2026-09-20 19:40:29.445","5.93","16008","SearchApp","24.5","False"
"2026-09-20 19:40:29.445","5.93","3696","TextInputHost","15.4","False"
"2026-09-20 19:40:29.445","5.93","18164","LockApp","12.3","False"
"2026-09-20 19:40:29.445","5.93","18564","Video.UI","10.9","False"
"2026-09-20 19:40:29.445","5.93","22644","WeChatAppEx","10.6","False"
"2026-09-20 19:40:29.445","5.93","25340","chrome","9.7","False"
"2026-09-20 19:40:29.445","5.93","4","System","4","False"
"2026-09-20 19:40:30.909","7.4","26820","llama-server","7217.5","False"
"2026-09-20 19:40:30.909","7.4","20224","Client-Win64-Shipping","3303.9","True"
"2026-09-20 19:40:30.909","7.4","2272","dwm","492.1","False"
"2026-09-20 19:40:30.909","7.4","14604","obs64","123","False"
"2026-09-20 19:40:30.909","7.4","22572","msedgewebview2","97.7","False"
"2026-09-20 19:40:30.909","7.4","2656","DSH Desktop","95.8","False"
"2026-09-20 19:40:30.909","7.4","1068","csrss","84.2","False"
"2026-09-20 19:40:30.909","7.4","21436","QQ","55.5","False"
"2026-09-20 19:40:30.909","7.4","25940","WindowsTerminal","55","False"
"2026-09-20 19:40:30.909","7.4","25848","chrome","54.4","False"
"2026-09-20 19:40:30.909","7.4","24348","bililive_browser","49.5","False"
"2026-09-20 19:40:30.909","7.4","17700","livehime","48.8","False"
"2026-09-20 19:40:30.909","7.4","2708","HipsDaemon","45.8","False"
"2026-09-20 19:40:30.909","7.4","12784","explorer","39.1","False"
"2026-09-20 19:40:30.909","7.4","23272","SystemSettings","32.3","False"
"2026-09-20 19:40:30.909","7.4","15204","launcher_main","26.6","False"
"2026-09-20 19:40:30.909","7.4","16008","SearchApp","24.5","False"
"2026-09-20 19:40:30.909","7.4","3696","TextInputHost","15.4","False"
"2026-09-20 19:40:30.909","7.4","18164","LockApp","12.3","False"
"2026-09-20 19:40:30.909","7.4","18564","Video.UI","10.9","False"
"2026-09-20 19:40:30.909","7.4","22644","WeChatAppEx","10.6","False"
"2026-09-20 19:40:30.909","7.4","25340","chrome","9.7","False"
"2026-09-20 19:40:30.909","7.4","4","System","4","False"
"2026-09-20 19:40:32.357","8.84","26820","llama-server","7217.5","False"
"2026-09-20 19:40:32.357","8.84","20224","Client-Win64-Shipping","3303.9","True"
"2026-09-20 19:40:32.357","8.84","2272","dwm","492.1","False"
"2026-09-20 19:40:32.357","8.84","14604","obs64","123","False"
"2026-09-20 19:40:32.357","8.84","22572","msedgewebview2","97.7","False"
"2026-09-20 19:40:32.357","8.84","2656","DSH Desktop","95.8","False"
"2026-09-20 19:40:32.357","8.84","1068","csrss","84.2","False"
"2026-09-20 19:40:32.357","8.84","21436","QQ","55.5","False"
"2026-09-20 19:40:32.357","8.84","25940","WindowsTerminal","55","False"
"2026-09-20 19:40:32.357","8.84","25848","chrome","54.4","False"
"2026-09-20 19:40:32.357","8.84","24348","bililive_browser","49.5","False"
"2026-09-20 19:40:32.357","8.84","17700","livehime","48.8","False"
"2026-09-20 19:40:32.357","8.84","2708","HipsDaemon","45.8","False"
"2026-09-20 19:40:32.357","8.84","12784","explorer","39.1","False"
"2026-09-20 19:40:32.357","8.84","23272","SystemSettings","32.3","False"
"2026-09-20 19:40:32.357","8.84","15204","launcher_main","26.6","False"
"2026-09-20 19:40:32.357","8.84","16008","SearchApp","24.5","False"
"2026-09-20 19:40:32.357","8.84","3696","TextInputHost","15.4","False"
"2026-09-20 19:40:32.357","8.84","18164","LockApp","12.3","False"
"2026-09-20 19:40:32.357","8.84","18564","Video.UI","10.9","False"
"2026-09-20 19:40:32.357","8.84","22644","WeChatAppEx","10.6","False"
"2026-09-20 19:40:32.357","8.84","25340","chrome","9.7","False"
"2026-09-20 19:40:32.357","8.84","4","System","4","False"
"2026-09-20 19:40:33.806","10.29","26820","llama-server","7217.5","False"
"2026-09-20 19:40:33.806","10.29","20224","Client-Win64-Shipping","3303.9","True"
"2026-09-20 19:40:33.806","10.29","2272","dwm","492.1","False"
"2026-09-20 19:40:33.806","10.29","14604","obs64","123","False"
"2026-09-20 19:40:33.806","10.29","22572","msedgewebview2","97.7","False"
"2026-09-20 19:40:33.806","10.29","2656","DSH Desktop","95.8","False"
"2026-09-20 19:40:33.806","10.29","1068","csrss","84.2","False"
"2026-09-20 19:40:33.806","10.29","21436","QQ","55.5","False"
"2026-09-20 19:40:33.806","10.29","25940","WindowsTerminal","55","False"
"2026-09-20 19:40:33.806","10.29","25848","chrome","54.4","False"
"2026-09-20 19:40:33.806","10.29","24348","bililive_browser","49.5","False"
"2026-09-20 19:40:33.806","10.29","17700","livehime","48.8","False"
"2026-09-20 19:40:33.806","10.29","2708","HipsDaemon","45.8","False"
"2026-09-20 19:40:33.806","10.29","12784","explorer","39.1","False"
"2026-09-20 19:40:33.806","10.29","23272","SystemSettings","32.3","False"
"2026-09-20 19:40:33.806","10.29","15204","launcher_main","26.6","False"
"2026-09-20 19:40:33.806","10.29","16008","SearchApp","24.5","False"
"2026-09-20 19:40:33.806","10.29","3696","TextInputHost","15.4","False"
"2026-09-20 19:40:33.806","10.29","18164","LockApp","12.3","False"
"2026-09-20 19:40:33.806","10.29","18564","Video.UI","10.9","False"
"2026-09-20 19:40:33.806","10.29","22644","WeChatAppEx","10.6","False"
"2026-09-20 19:40:33.806","10.29","25340","chrome","9.7","False"
"2026-09-20 19:40:33.806","10.29","4","System","4","False"
"2026-09-20 19:40:35.259","11.74","26820","llama-server","7217.5","False"
"2026-09-20 19:40:35.259","11.74","20224","Client-Win64-Shipping","3303.9","True"
"2026-09-20 19:40:35.259","11.74","2272","dwm","492.1","False"
"2026-09-20 19:40:35.259","11.74","14604","obs64","123","False"
"2026-09-20 19:40:35.259","11.74","22572","msedgewebview2","97.7","False"
"2026-09-20 19:40:35.259","11.74","2656","DSH Desktop","95.8","False"
"2026-09-20 19:40:35.259","11.74","1068","csrss","84.2","False"
"2026-09-20 19:40:35.259","11.74","21436","QQ","55.5","False"
"2026-09-20 19:40:35.259","11.74","25940","WindowsTerminal","55","False"
"2026-09-20 19:40:35.259","11.74","25848","chrome","54.4","False"
"2026-09-20 19:40:35.259","11.74","24348","bililive_browser","49.5","False"
"2026-09-20 19:40:35.259","11.74","17700","livehime","48.8","False"
"2026-09-20 19:40:35.259","11.74","2708","HipsDaemon","45.8","False"
"2026-09-20 19:40:35.259","11.74","12784","explorer","39.1","False"
"2026-09-20 19:40:35.259","11.74","23272","SystemSettings","32.3","False"
"2026-09-20 19:40:35.259","11.74","15204","launcher_main","26.6","False"
"2026-09-20 19:40:35.259","11.74","16008","SearchApp","24.5","False"
"2026-09-20 19:40:35.259","11.74","3696","TextInputHost","15.4","False"
"2026-09-20 19:40:35.259","11.74","18164","LockApp","12.3","False"
"2026-09-20 19:40:35.259","11.74","18564","Video.UI","10.9","False"
"2026-09-20 19:40:35.259","11.74","22644","WeChatAppEx","10.6","False"
"2026-09-20 19:40:35.259","11.74","25340","chrome","9.7","False"
"2026-09-20 19:40:35.259","11.74","4","System","4","False"
"2026-09-20 19:40:36.727","13.21","26820","llama-server","7217.5","False"
"2026-09-20 19:40:36.727","13.21","20224","Client-Win64-Shipping","3303.9","True"
"2026-09-20 19:40:36.727","13.21","2272","dwm","492.1","False"
"2026-09-20 19:40:36.727","13.21","14604","obs64","123","False"
"2026-09-20 19:40:36.727","13.21","22572","msedgewebview2","97.7","False"
"2026-09-20 19:40:36.727","13.21","2656","DSH Desktop","95.8","False"
"2026-09-20 19:40:36.727","13.21","1068","csrss","84.2","False"
"2026-09-20 19:40:36.727","13.21","21436","QQ","55.5","False"
"2026-09-20 19:40:36.727","13.21","25940","WindowsTerminal","55","False"
"2026-09-20 19:40:36.727","13.21","25848","chrome","54.4","False"
"2026-09-20 19:40:36.727","13.21","24348","bililive_browser","49.5","False"
"2026-09-20 19:40:36.727","13.21","17700","livehime","48.8","False"
"2026-09-20 19:40:36.727","13.21","2708","HipsDaemon","45.8","False"
"2026-09-20 19:40:36.727","13.21","12784","explorer","39.1","False"
"2026-09-20 19:40:36.727","13.21","23272","SystemSettings","32.3","False"
"2026-09-20 19:40:36.727","13.21","15204","launcher_main","26.6","False"
"2026-09-20 19:40:36.727","13.21","16008","SearchApp","24.5","False"
"2026-09-20 19:40:36.727","13.21","3696","TextInputHost","15.4","False"
"2026-09-20 19:40:36.727","13.21","18164","LockApp","12.3","False"
"2026-09-20 19:40:36.727","13.21","18564","Video.UI","10.9","False"
"2026-09-20 19:40:36.727","13.21","22644","WeChatAppEx","10.6","False"
"2026-09-20 19:40:36.727","13.21","25340","chrome","9.7","False"
"2026-09-20 19:40:36.727","13.21","4","System","4","False"
"2026-09-20 19:40:38.197","14.68","26820","llama-server","7217.5","False"
"2026-09-20 19:40:38.197","14.68","20224","Client-Win64-Shipping","3303.9","True"
"2026-09-20 19:40:38.197","14.68","2272","dwm","492.1","False"
"2026-09-20 19:40:38.197","14.68","14604","obs64","123","False"
"2026-09-20 19:40:38.197","14.68","22572","msedgewebview2","97.7","False"
"2026-09-20 19:40:38.197","14.68","2656","DSH Desktop","95.8","False"
"2026-09-20 19:40:38.197","14.68","1068","csrss","84.2","False"
"2026-09-20 19:40:38.197","14.68","21436","QQ","55.5","False"
"2026-09-20 19:40:38.197","14.68","25940","WindowsTerminal","55","False"
"2026-09-20 19:40:38.197","14.68","25848","chrome","54.3","False"
"2026-09-20 19:40:38.197","14.68","24348","bililive_browser","49.5","False"
"2026-09-20 19:40:38.197","14.68","17700","livehime","48.8","False"
"2026-09-20 19:40:38.197","14.68","2708","HipsDaemon","45.8","False"
"2026-09-20 19:40:38.197","14.68","12784","explorer","39.1","False"
"2026-09-20 19:40:38.197","14.68","23272","SystemSettings","32.3","False"
"2026-09-20 19:40:38.197","14.68","15204","launcher_main","26.6","False"
"2026-09-20 19:40:38.197","14.68","16008","SearchApp","24.5","False"
"2026-09-20 19:40:38.197","14.68","3696","TextInputHost","15.4","False"
"2026-09-20 19:40:38.197","14.68","18164","LockApp","12.3","False"
"2026-09-20 19:40:38.197","14.68","18564","Video.UI","10.9","False"
"2026-09-20 19:40:38.197","14.68","22644","WeChatAppEx","10.6","False"
"2026-09-20 19:40:38.197","14.68","25340","chrome","9.7","False"
"2026-09-20 19:40:38.197","14.68","4","System","4","False"
"2026-09-20 19:40:39.661","16.15","26820","llama-server","7217.5","False"
"2026-09-20 19:40:39.661","16.15","20224","Client-Win64-Shipping","3303.9","True"
"2026-09-20 19:40:39.661","16.15","2272","dwm","492.1","False"
"2026-09-20 19:40:39.661","16.15","14604","obs64","123","False"
"2026-09-20 19:40:39.661","16.15","22572","msedgewebview2","97.7","False"
"2026-09-20 19:40:39.661","16.15","2656","DSH Desktop","95.8","False"
"2026-09-20 19:40:39.661","16.15","1068","csrss","84.2","False"
"2026-09-20 19:40:39.661","16.15","21436","QQ","55.5","False"
"2026-09-20 19:40:39.661","16.15","25940","WindowsTerminal","55","False"
"2026-09-20 19:40:39.661","16.15","25848","chrome","54.3","False"
"2026-09-20 19:40:39.661","16.15","24348","bililive_browser","49.5","False"
"2026-09-20 19:40:39.661","16.15","17700","livehime","48.8","False"
"2026-09-20 19:40:39.661","16.15","2708","HipsDaemon","45.8","False"
"2026-09-20 19:40:39.661","16.15","12784","explorer","39.1","False"
"2026-09-20 19:40:39.661","16.15","23272","SystemSettings","32.3","False"
"2026-09-20 19:40:39.661","16.15","15204","launcher_main","26.6","False"
"2026-09-20 19:40:39.661","16.15","16008","SearchApp","24.5","False"
"2026-09-20 19:40:39.661","16.15","3696","TextInputHost","15.4","False"
"2026-09-20 19:40:39.661","16.15","18164","LockApp","12.3","False"
"2026-09-20 19:40:39.661","16.15","18564","Video.UI","10.9","False"
"2026-09-20 19:40:39.661","16.15","22644","WeChatAppEx","10.6","False"
"2026-09-20 19:40:39.661","16.15","25340","chrome","9.7","False"
"2026-09-20 19:40:39.661","16.15","4","System","4","False"
"2026-09-20 19:40:41.129","17.61","26820","llama-server","7217.5","False"
"2026-09-20 19:40:41.129","17.61","20224","Client-Win64-Shipping","3303.9","True"
"2026-09-20 19:40:41.129","17.61","2272","dwm","492.1","False"
"2026-09-20 19:40:41.129","17.61","14604","obs64","123","False"
"2026-09-20 19:40:41.129","17.61","22572","msedgewebview2","97.7","False"
"2026-09-20 19:40:41.129","17.61","2656","DSH Desktop","95.8","False"
"2026-09-20 19:40:41.129","17.61","1068","csrss","84.2","False"
"2026-09-20 19:40:41.129","17.61","21436","QQ","55.5","False"
"2026-09-20 19:40:41.129","17.61","25940","WindowsTerminal","55","False"
"2026-09-20 19:40:41.129","17.61","25848","chrome","54.3","False"
"2026-09-20 19:40:41.129","17.61","24348","bililive_browser","49.5","False"
"2026-09-20 19:40:41.129","17.61","17700","livehime","48.8","False"
"2026-09-20 19:40:41.129","17.61","2708","HipsDaemon","45.8","False"
"2026-09-20 19:40:41.129","17.61","12784","explorer","39.1","False"
"2026-09-20 19:40:41.129","17.61","23272","SystemSettings","32.3","False"
"2026-09-20 19:40:41.129","17.61","15204","launcher_main","26.6","False"
"2026-09-20 19:40:41.129","17.61","16008","SearchApp","24.5","False"
"2026-09-20 19:40:41.129","17.61","3696","TextInputHost","15.4","False"
"2026-09-20 19:40:41.129","17.61","18164","LockApp","12.3","False"
"2026-09-20 19:40:41.129","17.61","18564","Video.UI","10.9","False"
"2026-09-20 19:40:41.129","17.61","22644","WeChatAppEx","10.6","False"
"2026-09-20 19:40:41.129","17.61","25340","chrome","9.7","False"
"2026-09-20 19:40:41.129","17.61","4","System","4","False"
"2026-09-20 19:40:42.584","19.07","26820","llama-server","7217.5","False"
"2026-09-20 19:40:42.584","19.07","20224","Client-Win64-Shipping","3303.9","True"
"2026-09-20 19:40:42.584","19.07","2272","dwm","492.1","False"
"2026-09-20 19:40:42.584","19.07","14604","obs64","123","False"
"2026-09-20 19:40:42.584","19.07","22572","msedgewebview2","97.7","False"
"2026-09-20 19:40:42.584","19.07","2656","DSH Desktop","95.8","False"
"2026-09-20 19:40:42.584","19.07","1068","csrss","84.2","False"
"2026-09-20 19:40:42.584","19.07","21436","QQ","55.5","False"
"2026-09-20 19:40:42.584","19.07","25940","WindowsTerminal","55","False"
"2026-09-20 19:40:42.584","19.07","25848","chrome","54.3","False"
"2026-09-20 19:40:42.584","19.07","24348","bililive_browser","49.5","False"
"2026-09-20 19:40:42.584","19.07","17700","livehime","48.8","False"
"2026-09-20 19:40:42.584","19.07","2708","HipsDaemon","45.8","False"
"2026-09-20 19:40:42.584","19.07","12784","explorer","39.1","False"
"2026-09-20 19:40:42.584","19.07","23272","SystemSettings","32.3","False"
"2026-09-20 19:40:42.584","19.07","15204","launcher_main","26.6","False"
"2026-09-20 19:40:42.584","19.07","16008","SearchApp","24.5","False"
"2026-09-20 19:40:42.584","19.07","3696","TextInputHost","15.4","False"
"2026-09-20 19:40:42.584","19.07","18164","LockApp","12.3","False"
"2026-09-20 19:40:42.584","19.07","18564","Video.UI","10.9","False"
"2026-09-20 19:40:42.584","19.07","22644","WeChatAppEx","10.6","False"
"2026-09-20 19:40:42.584","19.07","25340","chrome","9.7","False"
"2026-09-20 19:40:42.584","19.07","4","System","4","False"
"2026-09-20 19:40:44.083","20.57","26820","llama-server","7217.5","False"
"2026-09-20 19:40:44.083","20.57","20224","Client-Win64-Shipping","3303.9","True"
"2026-09-20 19:40:44.083","20.57","2272","dwm","492.1","False"
"2026-09-20 19:40:44.083","20.57","14604","obs64","123","False"
"2026-09-20 19:40:44.083","20.57","22572","msedgewebview2","97.7","False"
"2026-09-20 19:40:44.083","20.57","2656","DSH Desktop","95.8","False"
"2026-09-20 19:40:44.083","20.57","1068","csrss","84.2","False"
"2026-09-20 19:40:44.083","20.57","21436","QQ","55.5","False"
"2026-09-20 19:40:44.083","20.57","25940","WindowsTerminal","55","False"
"2026-09-20 19:40:44.083","20.57","25848","chrome","54.3","False"
"2026-09-20 19:40:44.083","20.57","24348","bililive_browser","49.5","False"
"2026-09-20 19:40:44.083","20.57","17700","livehime","48.8","False"
"2026-09-20 19:40:44.083","20.57","2708","HipsDaemon","45.8","False"
"2026-09-20 19:40:44.083","20.57","12784","explorer","39.1","False"
"2026-09-20 19:40:44.083","20.57","23272","SystemSettings","32.3","False"
"2026-09-20 19:40:44.083","20.57","15204","launcher_main","26.6","False"
"2026-09-20 19:40:44.083","20.57","16008","SearchApp","24.5","False"
"2026-09-20 19:40:44.083","20.57","3696","TextInputHost","15.4","False"
"2026-09-20 19:40:44.083","20.57","18164","LockApp","12.3","False"
"2026-09-20 19:40:44.083","20.57","18564","Video.UI","10.9","False"
"2026-09-20 19:40:44.083","20.57","22644","WeChatAppEx","10.6","False"
"2026-09-20 19:40:44.083","20.57","25340","chrome","9.7","False"
"2026-09-20 19:40:44.083","20.57","4","System","4","False"
"2026-09-20 19:40:45.554","22.04","26820","llama-server","7217.5","False"
"2026-09-20 19:40:45.554","22.04","20224","Client-Win64-Shipping","3303.9","True"
"2026-09-20 19:40:45.554","22.04","2272","dwm","492.1","False"
"2026-09-20 19:40:45.554","22.04","14604","obs64","123","False"
"2026-09-20 19:40:45.554","22.04","22572","msedgewebview2","97.7","False"
"2026-09-20 19:40:45.554","22.04","2656","DSH Desktop","95.8","False"
"2026-09-20 19:40:45.554","22.04","1068","csrss","84.2","False"
"2026-09-20 19:40:45.554","22.04","21436","QQ","55.5","False"
"2026-09-20 19:40:45.554","22.04","25940","WindowsTerminal","55","False"
"2026-09-20 19:40:45.554","22.04","25848","chrome","54.3","False"
"2026-09-20 19:40:45.554","22.04","24348","bililive_browser","49.5","False"
"2026-09-20 19:40:45.554","22.04","17700","livehime","48.8","False"
"2026-09-20 19:40:45.554","22.04","2708","HipsDaemon","45.8","False"
"2026-09-20 19:40:45.554","22.04","12784","explorer","39.1","False"
"2026-09-20 19:40:45.554","22.04","23272","SystemSettings","32.3","False"
"2026-09-20 19:40:45.554","22.04","15204","launcher_main","26.6","False"
"2026-09-20 19:40:45.554","22.04","16008","SearchApp","24.5","False"
"2026-09-20 19:40:45.554","22.04","3696","TextInputHost","15.4","False"
"2026-09-20 19:40:45.554","22.04","18164","LockApp","12.3","False"
"2026-09-20 19:40:45.554","22.04","18564","Video.UI","10.9","False"
"2026-09-20 19:40:45.554","22.04","22644","WeChatAppEx","10.6","False"
"2026-09-20 19:40:45.554","22.04","25340","chrome","9.7","False"
"2026-09-20 19:40:45.554","22.04","4","System","4","False"
"2026-09-20 19:40:47.001","23.49","26820","llama-server","7217.5","False"
"2026-09-20 19:40:47.001","23.49","20224","Client-Win64-Shipping","3303.9","True"
"2026-09-20 19:40:47.001","23.49","2272","dwm","492.1","False"
"2026-09-20 19:40:47.001","23.49","14604","obs64","123","False"
"2026-09-20 19:40:47.001","23.49","22572","msedgewebview2","97.7","False"
"2026-09-20 19:40:47.001","23.49","2656","DSH Desktop","95.8","False"
"2026-09-20 19:40:47.001","23.49","1068","csrss","84.2","False"
"2026-09-20 19:40:47.001","23.49","21436","QQ","55.5","False"
"2026-09-20 19:40:47.001","23.49","25940","WindowsTerminal","55","False"
"2026-09-20 19:40:47.001","23.49","25848","chrome","54.3","False"
"2026-09-20 19:40:47.001","23.49","24348","bililive_browser","49.5","False"
"2026-09-20 19:40:47.001","23.49","17700","livehime","48.8","False"
"2026-09-20 19:40:47.001","23.49","2708","HipsDaemon","45.8","False"
"2026-09-20 19:40:47.001","23.49","12784","explorer","39.1","False"
"2026-09-20 19:40:47.001","23.49","23272","SystemSettings","32.3","False"
"2026-09-20 19:40:47.001","23.49","15204","launcher_main","26.6","False"
"2026-09-20 19:40:47.001","23.49","16008","SearchApp","24.5","False"
"2026-09-20 19:40:47.001","23.49","3696","TextInputHost","15.4","False"
"2026-09-20 19:40:47.001","23.49","18164","LockApp","12.3","False"
"2026-09-20 19:40:47.001","23.49","18564","Video.UI","10.9","False"
"2026-09-20 19:40:47.001","23.49","22644","WeChatAppEx","10.6","False"
"2026-09-20 19:40:47.001","23.49","25340","chrome","9.7","False"
"2026-09-20 19:40:47.001","23.49","4","System","4","False"
"2026-09-20 19:40:48.454","24.94","26820","llama-server","7217.5","False"
"2026-09-20 19:40:48.454","24.94","20224","Client-Win64-Shipping","3303.9","True"
"2026-09-20 19:40:48.454","24.94","2272","dwm","492.1","False"
"2026-09-20 19:40:48.454","24.94","14604","obs64","123","False"
"2026-09-20 19:40:48.454","24.94","22572","msedgewebview2","97.7","False"
"2026-09-20 19:40:48.454","24.94","2656","DSH Desktop","95.8","False"
"2026-09-20 19:40:48.454","24.94","1068","csrss","84.2","False"
"2026-09-20 19:40:48.454","24.94","21436","QQ","55.5","False"
"2026-09-20 19:40:48.454","24.94","25940","WindowsTerminal","55","False"
"2026-09-20 19:40:48.454","24.94","25848","chrome","54.3","False"
"2026-09-20 19:40:48.454","24.94","24348","bililive_browser","49.5","False"
"2026-09-20 19:40:48.454","24.94","17700","livehime","48.8","False"
"2026-09-20 19:40:48.454","24.94","2708","HipsDaemon","45.8","False"
"2026-09-20 19:40:48.454","24.94","12784","explorer","39.1","False"
"2026-09-20 19:40:48.454","24.94","23272","SystemSettings","32.3","False"
"2026-09-20 19:40:48.454","24.94","15204","launcher_main","26.6","False"
"2026-09-20 19:40:48.454","24.94","16008","SearchApp","24.5","False"
"2026-09-20 19:40:48.454","24.94","3696","TextInputHost","15.4","False"
"2026-09-20 19:40:48.454","24.94","18164","LockApp","12.3","False"
"2026-09-20 19:40:48.454","24.94","18564","Video.UI","10.9","False"
"2026-09-20 19:40:48.454","24.94","22644","WeChatAppEx","10.6","False"
"2026-09-20 19:40:48.454","24.94","25340","chrome","9.7","False"
"2026-09-20 19:40:48.454","24.94","4","System","4","False"
"2026-09-20 19:40:49.906","26.39","26820","llama-server","7217.5","False"
"2026-09-20 19:40:49.906","26.39","20224","Client-Win64-Shipping","3303.9","True"
"2026-09-20 19:40:49.906","26.39","2272","dwm","492.1","False"
"2026-09-20 19:40:49.906","26.39","14604","obs64","123","False"
"2026-09-20 19:40:49.906","26.39","22572","msedgewebview2","97.7","False"
"2026-09-20 19:40:49.906","26.39","2656","DSH Desktop","95.8","False"
"2026-09-20 19:40:49.906","26.39","1068","csrss","84.2","False"
"2026-09-20 19:40:49.906","26.39","21436","QQ","55.5","False"
"2026-09-20 19:40:49.906","26.39","25940","WindowsTerminal","55","False"
"2026-09-20 19:40:49.906","26.39","25848","chrome","54.3","False"
"2026-09-20 19:40:49.906","26.39","24348","bililive_browser","49.5","False"
"2026-09-20 19:40:49.906","26.39","17700","livehime","48.8","False"
"2026-09-20 19:40:49.906","26.39","2708","HipsDaemon","45.8","False"
"2026-09-20 19:40:49.906","26.39","12784","explorer","39.1","False"
"2026-09-20 19:40:49.906","26.39","23272","SystemSettings","32.3","False"
"2026-09-20 19:40:49.906","26.39","15204","launcher_main","26.6","False"
"2026-09-20 19:40:49.906","26.39","16008","SearchApp","24.5","False"
"2026-09-20 19:40:49.906","26.39","3696","TextInputHost","15.4","False"
"2026-09-20 19:40:49.906","26.39","18164","LockApp","12.3","False"
"2026-09-20 19:40:49.906","26.39","18564","Video.UI","10.9","False"
"2026-09-20 19:40:49.906","26.39","22644","WeChatAppEx","10.6","False"
"2026-09-20 19:40:49.906","26.39","25340","chrome","9.7","False"
"2026-09-20 19:40:49.906","26.39","4","System","4","False"
"2026-09-20 19:40:51.357","27.84","26820","llama-server","7217.5","False"
"2026-09-20 19:40:51.357","27.84","20224","Client-Win64-Shipping","3304.1","True"
"2026-09-20 19:40:51.357","27.84","2272","dwm","492.1","False"
"2026-09-20 19:40:51.357","27.84","14604","obs64","123","False"
"2026-09-20 19:40:51.357","27.84","22572","msedgewebview2","97.7","False"
"2026-09-20 19:40:51.357","27.84","2656","DSH Desktop","95.8","False"
"2026-09-20 19:40:51.357","27.84","1068","csrss","84.2","False"
"2026-09-20 19:40:51.357","27.84","21436","QQ","55.5","False"
"2026-09-20 19:40:51.357","27.84","25940","WindowsTerminal","55","False"
"2026-09-20 19:40:51.357","27.84","25848","chrome","54.3","False"
"2026-09-20 19:40:51.357","27.84","24348","bililive_browser","49.5","False"
"2026-09-20 19:40:51.357","27.84","17700","livehime","48.8","False"
"2026-09-20 19:40:51.357","27.84","2708","HipsDaemon","45.8","False"
"2026-09-20 19:40:51.357","27.84","12784","explorer","39.1","False"
"2026-09-20 19:40:51.357","27.84","23272","SystemSettings","32.3","False"
"2026-09-20 19:40:51.357","27.84","15204","launcher_main","26.6","False"
"2026-09-20 19:40:51.357","27.84","16008","SearchApp","24.5","False"
"2026-09-20 19:40:51.357","27.84","3696","TextInputHost","15.4","False"
"2026-09-20 19:40:51.357","27.84","18164","LockApp","12.3","False"
"2026-09-20 19:40:51.357","27.84","18564","Video.UI","10.9","False"
"2026-09-20 19:40:51.357","27.84","22644","WeChatAppEx","10.6","False"
"2026-09-20 19:40:51.357","27.84","25340","chrome","9.7","False"
"2026-09-20 19:40:51.357","27.84","4","System","4","False"
"2026-09-20 19:40:52.807","29.29","26820","llama-server","7217.5","False"
"2026-09-20 19:40:52.807","29.29","20224","Client-Win64-Shipping","3304","True"
"2026-09-20 19:40:52.807","29.29","2272","dwm","492.1","False"
"2026-09-20 19:40:52.807","29.29","14604","obs64","123","False"
"2026-09-20 19:40:52.807","29.29","22572","msedgewebview2","97.7","False"
"2026-09-20 19:40:52.807","29.29","2656","DSH Desktop","95.8","False"
"2026-09-20 19:40:52.807","29.29","1068","csrss","84.2","False"
"2026-09-20 19:40:52.807","29.29","21436","QQ","55.5","False"
"2026-09-20 19:40:52.807","29.29","25940","WindowsTerminal","55","False"
"2026-09-20 19:40:52.807","29.29","25848","chrome","54.3","False"
"2026-09-20 19:40:52.807","29.29","24348","bililive_browser","49.5","False"
"2026-09-20 19:40:52.807","29.29","17700","livehime","48.8","False"
"2026-09-20 19:40:52.807","29.29","2708","HipsDaemon","45.8","False"
"2026-09-20 19:40:52.807","29.29","12784","explorer","39.1","False"
"2026-09-20 19:40:52.807","29.29","23272","SystemSettings","32.3","False"
"2026-09-20 19:40:52.807","29.29","15204","launcher_main","26.6","False"
"2026-09-20 19:40:52.807","29.29","16008","SearchApp","24.5","False"
"2026-09-20 19:40:52.807","29.29","3696","TextInputHost","15.4","False"
"2026-09-20 19:40:52.807","29.29","18164","LockApp","12.3","False"
"2026-09-20 19:40:52.807","29.29","18564","Video.UI","10.9","False"
"2026-09-20 19:40:52.807","29.29","22644","WeChatAppEx","10.6","False"
"2026-09-20 19:40:52.807","29.29","25340","chrome","9.7","False"
"2026-09-20 19:40:52.807","29.29","4","System","4","False"
"2026-09-20 19:40:54.278","30.76","26820","llama-server","7217.5","False"
"2026-09-20 19:40:54.278","30.76","20224","Client-Win64-Shipping","3304","True"
"2026-09-20 19:40:54.278","30.76","2272","dwm","492.1","False"
"2026-09-20 19:40:54.278","30.76","14604","obs64","123","False"
"2026-09-20 19:40:54.278","30.76","22572","msedgewebview2","97.7","False"
"2026-09-20 19:40:54.278","30.76","2656","DSH Desktop","95.8","False"
"2026-09-20 19:40:54.278","30.76","1068","csrss","84.2","False"
"2026-09-20 19:40:54.278","30.76","21436","QQ","55.5","False"
"2026-09-20 19:40:54.278","30.76","25940","WindowsTerminal","55","False"
"2026-09-20 19:40:54.278","30.76","25848","chrome","54.3","False"
"2026-09-20 19:40:54.278","30.76","24348","bililive_browser","49.5","False"
"2026-09-20 19:40:54.278","30.76","17700","livehime","48.8","False"
"2026-09-20 19:40:54.278","30.76","2708","HipsDaemon","45.8","False"
"2026-09-20 19:40:54.278","30.76","12784","explorer","39.1","False"
"2026-09-20 19:40:54.278","30.76","23272","SystemSettings","32.3","False"
"2026-09-20 19:40:54.278","30.76","15204","launcher_main","26.6","False"
"2026-09-20 19:40:54.278","30.76","16008","SearchApp","24.5","False"
"2026-09-20 19:40:54.278","30.76","3696","TextInputHost","15.4","False"
"2026-09-20 19:40:54.278","30.76","18164","LockApp","12.3","False"
"2026-09-20 19:40:54.278","30.76","18564","Video.UI","10.9","False"
"2026-09-20 19:40:54.278","30.76","22644","WeChatAppEx","10.6","False"
"2026-09-20 19:40:54.278","30.76","25340","chrome","9.7","False"
"2026-09-20 19:40:54.278","30.76","4","System","4","False"
"2026-09-20 19:40:55.737","32.22","26820","llama-server","7217.5","False"
"2026-09-20 19:40:55.737","32.22","20224","Client-Win64-Shipping","3304","True"
"2026-09-20 19:40:55.737","32.22","2272","dwm","492.1","False"
"2026-09-20 19:40:55.737","32.22","14604","obs64","123","False"
"2026-09-20 19:40:55.737","32.22","22572","msedgewebview2","97.7","False"
"2026-09-20 19:40:55.737","32.22","2656","DSH Desktop","95.8","False"
"2026-09-20 19:40:55.737","32.22","1068","csrss","84.2","False"
"2026-09-20 19:40:55.737","32.22","21436","QQ","55.5","False"
"2026-09-20 19:40:55.737","32.22","25940","WindowsTerminal","55","False"
"2026-09-20 19:40:55.737","32.22","25848","chrome","54.3","False"
"2026-09-20 19:40:55.737","32.22","24348","bililive_browser","49.5","False"
"2026-09-20 19:40:55.737","32.22","17700","livehime","48.8","False"
"2026-09-20 19:40:55.737","32.22","2708","HipsDaemon","45.8","False"
"2026-09-20 19:40:55.737","32.22","12784","explorer","39.1","False"
"2026-09-20 19:40:55.737","32.22","23272","SystemSettings","32.3","False"
"2026-09-20 19:40:55.737","32.22","15204","launcher_main","26.6","False"
"2026-09-20 19:40:55.737","32.22","16008","SearchApp","24.5","False"
"2026-09-20 19:40:55.737","32.22","3696","TextInputHost","15.4","False"
"2026-09-20 19:40:55.737","32.22","18164","LockApp","12.3","False"
"2026-09-20 19:40:55.737","32.22","18564","Video.UI","10.9","False"
"2026-09-20 19:40:55.737","32.22","22644","WeChatAppEx","10.6","False"
"2026-09-20 19:40:55.737","32.22","25340","chrome","9.7","False"
"2026-09-20 19:40:55.737","32.22","4","System","4","False"
"2026-09-20 19:40:57.191","33.68","26820","llama-server","7217.5","False"
"2026-09-20 19:40:57.191","33.68","20224","Client-Win64-Shipping","3304","True"
"2026-09-20 19:40:57.191","33.68","2272","dwm","492.1","False"
"2026-09-20 19:40:57.191","33.68","14604","obs64","123","False"
"2026-09-20 19:40:57.191","33.68","22572","msedgewebview2","97.7","False"
"2026-09-20 19:40:57.191","33.68","2656","DSH Desktop","95.8","False"
"2026-09-20 19:40:57.191","33.68","1068","csrss","84.2","False"
"2026-09-20 19:40:57.191","33.68","21436","QQ","55.5","False"
"2026-09-20 19:40:57.191","33.68","25940","WindowsTerminal","55","False"
"2026-09-20 19:40:57.191","33.68","25848","chrome","54.3","False"
"2026-09-20 19:40:57.191","33.68","24348","bililive_browser","49.5","False"
"2026-09-20 19:40:57.191","33.68","17700","livehime","48.8","False"
"2026-09-20 19:40:57.191","33.68","2708","HipsDaemon","45.8","False"
"2026-09-20 19:40:57.191","33.68","12784","explorer","39.1","False"
"2026-09-20 19:40:57.191","33.68","23272","SystemSettings","32.3","False"
"2026-09-20 19:40:57.191","33.68","15204","launcher_main","26.6","False"
"2026-09-20 19:40:57.191","33.68","16008","SearchApp","24.5","False"
"2026-09-20 19:40:57.191","33.68","3696","TextInputHost","15.4","False"
"2026-09-20 19:40:57.191","33.68","18164","LockApp","12.3","False"
"2026-09-20 19:40:57.191","33.68","18564","Video.UI","10.9","False"
"2026-09-20 19:40:57.191","33.68","22644","WeChatAppEx","10.6","False"
"2026-09-20 19:40:57.191","33.68","25340","chrome","9.7","False"
"2026-09-20 19:40:57.191","33.68","4","System","4","False"
"2026-09-20 19:40:58.654","35.14","26820","llama-server","7217.5","False"
"2026-09-20 19:40:58.654","35.14","20224","Client-Win64-Shipping","3304","True"
"2026-09-20 19:40:58.654","35.14","2272","dwm","492.1","False"
"2026-09-20 19:40:58.654","35.14","14604","obs64","123","False"
"2026-09-20 19:40:58.654","35.14","22572","msedgewebview2","97.7","False"
"2026-09-20 19:40:58.654","35.14","2656","DSH Desktop","95.8","False"
"2026-09-20 19:40:58.654","35.14","1068","csrss","84.2","False"
"2026-09-20 19:40:58.654","35.14","21436","QQ","55.5","False"
"2026-09-20 19:40:58.654","35.14","25940","WindowsTerminal","55","False"
"2026-09-20 19:40:58.654","35.14","25848","chrome","54.3","False"
"2026-09-20 19:40:58.654","35.14","24348","bililive_browser","49.5","False"
"2026-09-20 19:40:58.654","35.14","17700","livehime","48.8","False"
"2026-09-20 19:40:58.654","35.14","2708","HipsDaemon","45.8","False"
"2026-09-20 19:40:58.654","35.14","12784","explorer","39.1","False"
"2026-09-20 19:40:58.654","35.14","23272","SystemSettings","32.3","False"
"2026-09-20 19:40:58.654","35.14","15204","launcher_main","26.6","False"
"2026-09-20 19:40:58.654","35.14","16008","SearchApp","24.5","False"
"2026-09-20 19:40:58.654","35.14","3696","TextInputHost","15.4","False"
"2026-09-20 19:40:58.654","35.14","18164","LockApp","12.3","False"
"2026-09-20 19:40:58.654","35.14","18564","Video.UI","10.9","False"
"2026-09-20 19:40:58.654","35.14","22644","WeChatAppEx","10.6","False"
"2026-09-20 19:40:58.654","35.14","25340","chrome","9.7","False"
"2026-09-20 19:40:58.654","35.14","4","System","4","False"
"2026-09-20 19:41:00.126","36.61","26820","llama-server","7217.5","False"
"2026-09-20 19:41:00.126","36.61","20224","Client-Win64-Shipping","3304","True"
"2026-09-20 19:41:00.126","36.61","2272","dwm","492.1","False"
"2026-09-20 19:41:00.126","36.61","14604","obs64","123","False"
"2026-09-20 19:41:00.126","36.61","22572","msedgewebview2","97.7","False"
"2026-09-20 19:41:00.126","36.61","2656","DSH Desktop","95.8","False"
"2026-09-20 19:41:00.126","36.61","1068","csrss","84.2","False"
"2026-09-20 19:41:00.126","36.61","21436","QQ","55.5","False"
"2026-09-20 19:41:00.126","36.61","25940","WindowsTerminal","55","False"
"2026-09-20 19:41:00.126","36.61","25848","chrome","54.3","False"
"2026-09-20 19:41:00.126","36.61","24348","bililive_browser","49.5","False"
"2026-09-20 19:41:00.126","36.61","17700","livehime","48.8","False"
"2026-09-20 19:41:00.126","36.61","2708","HipsDaemon","45.8","False"
"2026-09-20 19:41:00.126","36.61","12784","explorer","39.1","False"
"2026-09-20 19:41:00.126","36.61","23272","SystemSettings","32.3","False"
"2026-09-20 19:41:00.126","36.61","15204","launcher_main","26.6","False"
"2026-09-20 19:41:00.126","36.61","16008","SearchApp","24.5","False"
"2026-09-20 19:41:00.126","36.61","3696","TextInputHost","15.4","False"
"2026-09-20 19:41:00.126","36.61","18164","LockApp","12.3","False"
"2026-09-20 19:41:00.126","36.61","18564","Video.UI","10.9","False"
"2026-09-20 19:41:00.126","36.61","22644","WeChatAppEx","10.6","False"
"2026-09-20 19:41:00.126","36.61","25340","chrome","9.7","False"
"2026-09-20 19:41:00.126","36.61","4","System","4","False"
"2026-09-20 19:41:01.585","38.07","26820","llama-server","7217.5","False"
"2026-09-20 19:41:01.585","38.07","20224","Client-Win64-Shipping","3304","True"
"2026-09-20 19:41:01.585","38.07","2272","dwm","492.1","False"
"2026-09-20 19:41:01.585","38.07","14604","obs64","123","False"
"2026-09-20 19:41:01.585","38.07","22572","msedgewebview2","97.7","False"
"2026-09-20 19:41:01.585","38.07","2656","DSH Desktop","95.8","False"
"2026-09-20 19:41:01.585","38.07","1068","csrss","84.2","False"
"2026-09-20 19:41:01.585","38.07","21436","QQ","55.5","False"
"2026-09-20 19:41:01.585","38.07","25940","WindowsTerminal","55","False"
"2026-09-20 19:41:01.585","38.07","25848","chrome","54.3","False"
"2026-09-20 19:41:01.585","38.07","24348","bililive_browser","49.5","False"
"2026-09-20 19:41:01.585","38.07","17700","livehime","48.8","False"
"2026-09-20 19:41:01.585","38.07","2708","HipsDaemon","45.8","False"
"2026-09-20 19:41:01.585","38.07","12784","explorer","39.1","False"
"2026-09-20 19:41:01.585","38.07","23272","SystemSettings","32.3","False"
"2026-09-20 19:41:01.585","38.07","15204","launcher_main","26.6","False"
"2026-09-20 19:41:01.585","38.07","16008","SearchApp","24.5","False"
"2026-09-20 19:41:01.585","38.07","3696","TextInputHost","15.4","False"
"2026-09-20 19:41:01.585","38.07","18164","LockApp","12.3","False"
"2026-09-20 19:41:01.585","38.07","18564","Video.UI","10.9","False"
"2026-09-20 19:41:01.585","38.07","22644","WeChatAppEx","10.6","False"
"2026-09-20 19:41:01.585","38.07","25340","chrome","9.7","False"
"2026-09-20 19:41:01.585","38.07","4","System","4","False"
"2026-09-20 19:41:03.046","39.53","26820","llama-server","7217.5","False"
"2026-09-20 19:41:03.046","39.53","20224","Client-Win64-Shipping","3304","True"
"2026-09-20 19:41:03.046","39.53","2272","dwm","492.1","False"
"2026-09-20 19:41:03.046","39.53","14604","obs64","123","False"
"2026-09-20 19:41:03.046","39.53","22572","msedgewebview2","97.7","False"
"2026-09-20 19:41:03.046","39.53","2656","DSH Desktop","95.8","False"
"2026-09-20 19:41:03.046","39.53","1068","csrss","84.2","False"
"2026-09-20 19:41:03.046","39.53","21436","QQ","55.5","False"
"2026-09-20 19:41:03.046","39.53","25940","WindowsTerminal","55","False"
"2026-09-20 19:41:03.046","39.53","25848","chrome","54.3","False"
"2026-09-20 19:41:03.046","39.53","24348","bililive_browser","49.5","False"
"2026-09-20 19:41:03.046","39.53","17700","livehime","48.8","False"
"2026-09-20 19:41:03.046","39.53","2708","HipsDaemon","45.8","False"
"2026-09-20 19:41:03.046","39.53","12784","explorer","39.1","False"
"2026-09-20 19:41:03.046","39.53","23272","SystemSettings","32.3","False"
"2026-09-20 19:41:03.046","39.53","15204","launcher_main","26.6","False"
"2026-09-20 19:41:03.046","39.53","16008","SearchApp","24.5","False"
"2026-09-20 19:41:03.046","39.53","3696","TextInputHost","15.4","False"
"2026-09-20 19:41:03.046","39.53","18164","LockApp","12.3","False"
"2026-09-20 19:41:03.046","39.53","18564","Video.UI","10.9","False"
"2026-09-20 19:41:03.046","39.53","22644","WeChatAppEx","10.6","False"
"2026-09-20 19:41:03.046","39.53","25340","chrome","9.7","False"
"2026-09-20 19:41:03.046","39.53","4","System","4","False"
"2026-09-20 19:41:04.499","40.98","26820","llama-server","7217.5","False"
"2026-09-20 19:41:04.499","40.98","20224","Client-Win64-Shipping","3304","True"
"2026-09-20 19:41:04.499","40.98","2272","dwm","492.1","False"
"2026-09-20 19:41:04.499","40.98","14604","obs64","123","False"
"2026-09-20 19:41:04.499","40.98","22572","msedgewebview2","97.7","False"
"2026-09-20 19:41:04.499","40.98","2656","DSH Desktop","95.8","False"
"2026-09-20 19:41:04.499","40.98","1068","csrss","84.2","False"
"2026-09-20 19:41:04.499","40.98","21436","QQ","55.5","False"
"2026-09-20 19:41:04.499","40.98","25940","WindowsTerminal","55","False"
"2026-09-20 19:41:04.499","40.98","25848","chrome","54.3","False"
"2026-09-20 19:41:04.499","40.98","24348","bililive_browser","49.5","False"
"2026-09-20 19:41:04.499","40.98","17700","livehime","48.8","False"
"2026-09-20 19:41:04.499","40.98","2708","HipsDaemon","45.8","False"
"2026-09-20 19:41:04.499","40.98","12784","explorer","39.1","False"
"2026-09-20 19:41:04.499","40.98","23272","SystemSettings","32.3","False"
"2026-09-20 19:41:04.499","40.98","15204","launcher_main","26.6","False"
"2026-09-20 19:41:04.499","40.98","16008","SearchApp","24.5","False"
"2026-09-20 19:41:04.499","40.98","3696","TextInputHost","15.4","False"
"2026-09-20 19:41:04.499","40.98","18164","LockApp","12.3","False"
"2026-09-20 19:41:04.499","40.98","18564","Video.UI","10.9","False"
"2026-09-20 19:41:04.499","40.98","22644","WeChatAppEx","10.6","False"
"2026-09-20 19:41:04.499","40.98","25340","chrome","9.7","False"
"2026-09-20 19:41:04.499","40.98","4","System","4","False"
"2026-09-20 19:41:05.949","42.43","26820","llama-server","7217.5","False"
"2026-09-20 19:41:05.949","42.43","20224","Client-Win64-Shipping","3304","True"
"2026-09-20 19:41:05.949","42.43","2272","dwm","492.1","False"
"2026-09-20 19:41:05.949","42.43","14604","obs64","123","False"
"2026-09-20 19:41:05.949","42.43","22572","msedgewebview2","97.7","False"
"2026-09-20 19:41:05.949","42.43","2656","DSH Desktop","95.8","False"
"2026-09-20 19:41:05.949","42.43","1068","csrss","84.2","False"
"2026-09-20 19:41:05.949","42.43","21436","QQ","55.5","False"
"2026-09-20 19:41:05.949","42.43","25940","WindowsTerminal","55","False"
"2026-09-20 19:41:05.949","42.43","25848","chrome","54.3","False"
"2026-09-20 19:41:05.949","42.43","24348","bililive_browser","49.5","False"
"2026-09-20 19:41:05.949","42.43","17700","livehime","48.8","False"
"2026-09-20 19:41:05.949","42.43","2708","HipsDaemon","45.8","False"
"2026-09-20 19:41:05.949","42.43","12784","explorer","39.1","False"
"2026-09-20 19:41:05.949","42.43","23272","SystemSettings","32.3","False"
"2026-09-20 19:41:05.949","42.43","15204","launcher_main","26.6","False"
"2026-09-20 19:41:05.949","42.43","16008","SearchApp","24.5","False"
"2026-09-20 19:41:05.949","42.43","3696","TextInputHost","15.4","False"
"2026-09-20 19:41:05.949","42.43","18164","LockApp","12.3","False"
"2026-09-20 19:41:05.949","42.43","18564","Video.UI","10.9","False"
"2026-09-20 19:41:05.949","42.43","22644","WeChatAppEx","10.6","False"
"2026-09-20 19:41:05.949","42.43","25340","chrome","9.7","False"
"2026-09-20 19:41:05.949","42.43","4","System","4","False"
"2026-09-20 19:41:07.409","43.89","26820","llama-server","7217.5","False"
"2026-09-20 19:41:07.409","43.89","20224","Client-Win64-Shipping","3304","True"
"2026-09-20 19:41:07.409","43.89","2272","dwm","492.1","False"
"2026-09-20 19:41:07.409","43.89","14604","obs64","123","False"
"2026-09-20 19:41:07.409","43.89","22572","msedgewebview2","97.7","False"
"2026-09-20 19:41:07.409","43.89","2656","DSH Desktop","95.8","False"
"2026-09-20 19:41:07.409","43.89","1068","csrss","84.2","False"
"2026-09-20 19:41:07.409","43.89","21436","QQ","55.5","False"
"2026-09-20 19:41:07.409","43.89","25940","WindowsTerminal","55","False"
"2026-09-20 19:41:07.409","43.89","25848","chrome","54.3","False"
"2026-09-20 19:41:07.409","43.89","24348","bililive_browser","49.5","False"
"2026-09-20 19:41:07.409","43.89","17700","livehime","48.8","False"
"2026-09-20 19:41:07.409","43.89","2708","HipsDaemon","45.8","False"
"2026-09-20 19:41:07.409","43.89","12784","explorer","39.1","False"
"2026-09-20 19:41:07.409","43.89","23272","SystemSettings","32.3","False"
"2026-09-20 19:41:07.409","43.89","15204","launcher_main","26.6","False"
"2026-09-20 19:41:07.409","43.89","16008","SearchApp","24.5","False"
"2026-09-20 19:41:07.409","43.89","3696","TextInputHost","15.4","False"
"2026-09-20 19:41:07.409","43.89","18164","LockApp","12.3","False"
"2026-09-20 19:41:07.409","43.89","18564","Video.UI","10.9","False"
"2026-09-20 19:41:07.409","43.89","22644","WeChatAppEx","10.6","False"
"2026-09-20 19:41:07.409","43.89","25340","chrome","9.7","False"
"2026-09-20 19:41:07.409","43.89","4","System","4","False"
"2026-09-20 19:41:08.849","45.33","26820","llama-server","7217.5","False"
"2026-09-20 19:41:08.849","45.33","20224","Client-Win64-Shipping","3304","True"
"2026-09-20 19:41:08.849","45.33","2272","dwm","492.1","False"
"2026-09-20 19:41:08.849","45.33","14604","obs64","123","False"
"2026-09-20 19:41:08.849","45.33","22572","msedgewebview2","97.7","False"
"2026-09-20 19:41:08.849","45.33","2656","DSH Desktop","95.8","False"
"2026-09-20 19:41:08.849","45.33","1068","csrss","84.2","False"
"2026-09-20 19:41:08.849","45.33","21436","QQ","55.5","False"
"2026-09-20 19:41:08.849","45.33","25940","WindowsTerminal","55","False"
"2026-09-20 19:41:08.849","45.33","25848","chrome","54.3","False"
"2026-09-20 19:41:08.849","45.33","24348","bililive_browser","49.5","False"
"2026-09-20 19:41:08.849","45.33","17700","livehime","48.8","False"
"2026-09-20 19:41:08.849","45.33","2708","HipsDaemon","45.8","False"
"2026-09-20 19:41:08.849","45.33","12784","explorer","39.1","False"
"2026-09-20 19:41:08.849","45.33","23272","SystemSettings","32.3","False"
"2026-09-20 19:41:08.849","45.33","15204","launcher_main","26.6","False"
"2026-09-20 19:41:08.849","45.33","16008","SearchApp","24.5","False"
"2026-09-20 19:41:08.849","45.33","3696","TextInputHost","15.4","False"
"2026-09-20 19:41:08.849","45.33","18164","LockApp","12.3","False"
"2026-09-20 19:41:08.849","45.33","18564","Video.UI","10.9","False"
"2026-09-20 19:41:08.849","45.33","22644","WeChatAppEx","10.6","False"
"2026-09-20 19:41:08.849","45.33","25340","chrome","9.7","False"
"2026-09-20 19:41:08.849","45.33","4","System","4","False"
"2026-09-20 19:41:10.309","46.79","26820","llama-server","7217.5","False"
"2026-09-20 19:41:10.309","46.79","20224","Client-Win64-Shipping","3304","True"
"2026-09-20 19:41:10.309","46.79","2272","dwm","492.1","False"
"2026-09-20 19:41:10.309","46.79","14604","obs64","123","False"
"2026-09-20 19:41:10.309","46.79","22572","msedgewebview2","97.7","False"
"2026-09-20 19:41:10.309","46.79","2656","DSH Desktop","95.8","False"
"2026-09-20 19:41:10.309","46.79","1068","csrss","84.2","False"
"2026-09-20 19:41:10.309","46.79","21436","QQ","55.5","False"
"2026-09-20 19:41:10.309","46.79","25940","WindowsTerminal","55","False"
"2026-09-20 19:41:10.309","46.79","25848","chrome","54.3","False"
"2026-09-20 19:41:10.309","46.79","24348","bililive_browser","49.5","False"
"2026-09-20 19:41:10.309","46.79","17700","livehime","48.8","False"
"2026-09-20 19:41:10.309","46.79","2708","HipsDaemon","45.8","False"
"2026-09-20 19:41:10.309","46.79","12784","explorer","39.1","False"
"2026-09-20 19:41:10.309","46.79","23272","SystemSettings","32.3","False"
"2026-09-20 19:41:10.309","46.79","15204","launcher_main","26.6","False"
"2026-09-20 19:41:10.309","46.79","16008","SearchApp","24.5","False"
"2026-09-20 19:41:10.309","46.79","3696","TextInputHost","15.4","False"
"2026-09-20 19:41:10.309","46.79","18164","LockApp","12.3","False"
"2026-09-20 19:41:10.309","46.79","18564","Video.UI","10.9","False"
"2026-09-20 19:41:10.309","46.79","22644","WeChatAppEx","10.6","False"
"2026-09-20 19:41:10.309","46.79","25340","chrome","9.7","False"
"2026-09-20 19:41:10.309","46.79","4","System","4","False"
"2026-09-20 19:41:11.765","48.25","26820","llama-server","7217.5","False"
"2026-09-20 19:41:11.765","48.25","20224","Client-Win64-Shipping","3304","True"
"2026-09-20 19:41:11.765","48.25","2272","dwm","492.1","False"
"2026-09-20 19:41:11.765","48.25","14604","obs64","123","False"
"2026-09-20 19:41:11.765","48.25","22572","msedgewebview2","97.7","False"
"2026-09-20 19:41:11.765","48.25","2656","DSH Desktop","95.8","False"
"2026-09-20 19:41:11.765","48.25","1068","csrss","84.2","False"
"2026-09-20 19:41:11.765","48.25","21436","QQ","55.5","False"
"2026-09-20 19:41:11.765","48.25","25940","WindowsTerminal","55","False"
"2026-09-20 19:41:11.765","48.25","25848","chrome","54.3","False"
"2026-09-20 19:41:11.765","48.25","24348","bililive_browser","49.5","False"
"2026-09-20 19:41:11.765","48.25","17700","livehime","48.8","False"
"2026-09-20 19:41:11.765","48.25","2708","HipsDaemon","45.8","False"
"2026-09-20 19:41:11.765","48.25","12784","explorer","39.1","False"
"2026-09-20 19:41:11.765","48.25","23272","SystemSettings","32.3","False"
"2026-09-20 19:41:11.765","48.25","15204","launcher_main","26.6","False"
"2026-09-20 19:41:11.765","48.25","16008","SearchApp","24.5","False"
"2026-09-20 19:41:11.765","48.25","3696","TextInputHost","15.4","False"
"2026-09-20 19:41:11.765","48.25","18164","LockApp","12.3","False"
"2026-09-20 19:41:11.765","48.25","18564","Video.UI","10.9","False"
"2026-09-20 19:41:11.765","48.25","22644","WeChatAppEx","10.6","False"
"2026-09-20 19:41:11.765","48.25","25340","chrome","9.7","False"
"2026-09-20 19:41:11.765","48.25","4","System","4","False"
"2026-09-20 19:41:13.207","49.69","26820","llama-server","7217.5","False"
"2026-09-20 19:41:13.207","49.69","20224","Client-Win64-Shipping","3304","True"
"2026-09-20 19:41:13.207","49.69","2272","dwm","492.1","False"
"2026-09-20 19:41:13.207","49.69","14604","obs64","123","False"
"2026-09-20 19:41:13.207","49.69","22572","msedgewebview2","97.7","False"
"2026-09-20 19:41:13.207","49.69","2656","DSH Desktop","95.8","False"
"2026-09-20 19:41:13.207","49.69","1068","csrss","84.2","False"
"2026-09-20 19:41:13.207","49.69","21436","QQ","55.5","False"
"2026-09-20 19:41:13.207","49.69","25940","WindowsTerminal","55","False"
"2026-09-20 19:41:13.207","49.69","25848","chrome","54.3","False"
"2026-09-20 19:41:13.207","49.69","24348","bililive_browser","49.5","False"
"2026-09-20 19:41:13.207","49.69","17700","livehime","48.8","False"
"2026-09-20 19:41:13.207","49.69","2708","HipsDaemon","45.8","False"
"2026-09-20 19:41:13.207","49.69","12784","explorer","39.1","False"
"2026-09-20 19:41:13.207","49.69","23272","SystemSettings","32.3","False"
"2026-09-20 19:41:13.207","49.69","15204","launcher_main","26.6","False"
"2026-09-20 19:41:13.207","49.69","16008","SearchApp","24.5","False"
"2026-09-20 19:41:13.207","49.69","3696","TextInputHost","15.4","False"
"2026-09-20 19:41:13.207","49.69","18164","LockApp","12.3","False"
"2026-09-20 19:41:13.207","49.69","18564","Video.UI","10.9","False"
"2026-09-20 19:41:13.207","49.69","22644","WeChatAppEx","10.6","False"
"2026-09-20 19:41:13.207","49.69","25340","chrome","9.7","False"
"2026-09-20 19:41:13.207","49.69","4","System","4","False"
"2026-09-20 19:41:14.663","51.15","26820","llama-server","7217.5","False"
"2026-09-20 19:41:14.663","51.15","20224","Client-Win64-Shipping","3304","True"
"2026-09-20 19:41:14.663","51.15","2272","dwm","492.1","False"
"2026-09-20 19:41:14.663","51.15","14604","obs64","123","False"
"2026-09-20 19:41:14.663","51.15","22572","msedgewebview2","97.7","False"
"2026-09-20 19:41:14.663","51.15","2656","DSH Desktop","95.8","False"
"2026-09-20 19:41:14.663","51.15","1068","csrss","84.2","False"
"2026-09-20 19:41:14.663","51.15","21436","QQ","55.5","False"
"2026-09-20 19:41:14.663","51.15","25940","WindowsTerminal","55","False"
"2026-09-20 19:41:14.663","51.15","25848","chrome","54.3","False"
"2026-09-20 19:41:14.663","51.15","24348","bililive_browser","49.5","False"
"2026-09-20 19:41:14.663","51.15","17700","livehime","48.8","False"
"2026-09-20 19:41:14.663","51.15","2708","HipsDaemon","45.8","False"
"2026-09-20 19:41:14.663","51.15","12784","explorer","39.1","False"
"2026-09-20 19:41:14.663","51.15","23272","SystemSettings","32.3","False"
"2026-09-20 19:41:14.663","51.15","15204","launcher_main","26.6","False"
"2026-09-20 19:41:14.663","51.15","16008","SearchApp","24.5","False"
"2026-09-20 19:41:14.663","51.15","3696","TextInputHost","15.4","False"
"2026-09-20 19:41:14.663","51.15","18164","LockApp","12.3","False"
"2026-09-20 19:41:14.663","51.15","18564","Video.UI","10.9","False"
"2026-09-20 19:41:14.663","51.15","22644","WeChatAppEx","10.6","False"
"2026-09-20 19:41:14.663","51.15","25340","chrome","9.7","False"
"2026-09-20 19:41:14.663","51.15","4","System","4","False"
"2026-09-20 19:41:16.117","52.6","26820","llama-server","7217.5","False"
"2026-09-20 19:41:16.117","52.6","20224","Client-Win64-Shipping","3304","True"
"2026-09-20 19:41:16.117","52.6","2272","dwm","492.1","False"
"2026-09-20 19:41:16.117","52.6","14604","obs64","123","False"
"2026-09-20 19:41:16.117","52.6","22572","msedgewebview2","97.7","False"
"2026-09-20 19:41:16.117","52.6","2656","DSH Desktop","95.8","False"
"2026-09-20 19:41:16.117","52.6","1068","csrss","84.2","False"
"2026-09-20 19:41:16.117","52.6","21436","QQ","55.5","False"
"2026-09-20 19:41:16.117","52.6","25940","WindowsTerminal","55","False"
"2026-09-20 19:41:16.117","52.6","25848","chrome","54.3","False"
"2026-09-20 19:41:16.117","52.6","24348","bililive_browser","49.5","False"
"2026-09-20 19:41:16.117","52.6","17700","livehime","48.8","False"
"2026-09-20 19:41:16.117","52.6","2708","HipsDaemon","45.8","False"
"2026-09-20 19:41:16.117","52.6","12784","explorer","39.1","False"
"2026-09-20 19:41:16.117","52.6","23272","SystemSettings","32.3","False"
"2026-09-20 19:41:16.117","52.6","15204","launcher_main","26.6","False"
"2026-09-20 19:41:16.117","52.6","16008","SearchApp","24.5","False"
"2026-09-20 19:41:16.117","52.6","3696","TextInputHost","15.4","False"
"2026-09-20 19:41:16.117","52.6","18164","LockApp","12.3","False"
"2026-09-20 19:41:16.117","52.6","18564","Video.UI","10.9","False"
"2026-09-20 19:41:16.117","52.6","22644","WeChatAppEx","10.6","False"
"2026-09-20 19:41:16.117","52.6","25340","chrome","9.7","False"
"2026-09-20 19:41:16.117","52.6","4","System","4","False"
"2026-09-20 19:41:17.565","54.05","26820","llama-server","7217.5","False"
"2026-09-20 19:41:17.565","54.05","20224","Client-Win64-Shipping","3304","True"
"2026-09-20 19:41:17.565","54.05","2272","dwm","492.1","False"
"2026-09-20 19:41:17.565","54.05","14604","obs64","123","False"
"2026-09-20 19:41:17.565","54.05","22572","msedgewebview2","97.7","False"
"2026-09-20 19:41:17.565","54.05","2656","DSH Desktop","95.8","False"
"2026-09-20 19:41:17.565","54.05","1068","csrss","84.2","False"
"2026-09-20 19:41:17.565","54.05","21436","QQ","55.5","False"
"2026-09-20 19:41:17.565","54.05","25940","WindowsTerminal","55","False"
"2026-09-20 19:41:17.565","54.05","25848","chrome","54.3","False"
"2026-09-20 19:41:17.565","54.05","24348","bililive_browser","49.5","False"
"2026-09-20 19:41:17.565","54.05","17700","livehime","48.8","False"
"2026-09-20 19:41:17.565","54.05","2708","HipsDaemon","45.8","False"
"2026-09-20 19:41:17.565","54.05","12784","explorer","39.1","False"
"2026-09-20 19:41:17.565","54.05","23272","SystemSettings","32.3","False"
"2026-09-20 19:41:17.565","54.05","15204","launcher_main","26.6","False"
"2026-09-20 19:41:17.565","54.05","16008","SearchApp","24.5","False"
"2026-09-20 19:41:17.565","54.05","3696","TextInputHost","15.4","False"
"2026-09-20 19:41:17.565","54.05","18164","LockApp","12.3","False"
"2026-09-20 19:41:17.565","54.05","18564","Video.UI","10.9","False"
"2026-09-20 19:41:17.565","54.05","22644","WeChatAppEx","10.6","False"
"2026-09-20 19:41:17.565","54.05","25340","chrome","9.7","False"
"2026-09-20 19:41:17.565","54.05","4","System","4","False"
"2026-09-20 19:41:19.014","55.5","26820","llama-server","7217.5","False"
"2026-09-20 19:41:19.014","55.5","20224","Client-Win64-Shipping","3304","True"
"2026-09-20 19:41:19.014","55.5","2272","dwm","492.1","False"
"2026-09-20 19:41:19.014","55.5","14604","obs64","123","False"
"2026-09-20 19:41:19.014","55.5","22572","msedgewebview2","97.7","False"
"2026-09-20 19:41:19.014","55.5","2656","DSH Desktop","95.8","False"
"2026-09-20 19:41:19.014","55.5","1068","csrss","84.2","False"
"2026-09-20 19:41:19.014","55.5","21436","QQ","55.5","False"
"2026-09-20 19:41:19.014","55.5","25940","WindowsTerminal","55","False"
"2026-09-20 19:41:19.014","55.5","25848","chrome","54.3","False"
"2026-09-20 19:41:19.014","55.5","24348","bililive_browser","49.5","False"
"2026-09-20 19:41:19.014","55.5","17700","livehime","48.8","False"
"2026-09-20 19:41:19.014","55.5","2708","HipsDaemon","45.8","False"
"2026-09-20 19:41:19.014","55.5","12784","explorer","39.1","False"
"2026-09-20 19:41:19.014","55.5","23272","SystemSettings","32.3","False"
"2026-09-20 19:41:19.014","55.5","15204","launcher_main","26.6","False"
"2026-09-20 19:41:19.014","55.5","16008","SearchApp","24.5","False"
"2026-09-20 19:41:19.014","55.5","3696","TextInputHost","15.4","False"
"2026-09-20 19:41:19.014","55.5","18164","LockApp","12.3","False"
"2026-09-20 19:41:19.014","55.5","18564","Video.UI","10.9","False"
"2026-09-20 19:41:19.014","55.5","22644","WeChatAppEx","10.6","False"
"2026-09-20 19:41:19.014","55.5","25340","chrome","9.7","False"
"2026-09-20 19:41:19.014","55.5","4","System","4","False"
"2026-09-20 19:41:20.455","56.94","26820","llama-server","7217.5","False"
"2026-09-20 19:41:20.455","56.94","20224","Client-Win64-Shipping","3304","True"
"2026-09-20 19:41:20.455","56.94","2272","dwm","492.1","False"
"2026-09-20 19:41:20.455","56.94","14604","obs64","123","False"
"2026-09-20 19:41:20.455","56.94","22572","msedgewebview2","97.7","False"
"2026-09-20 19:41:20.455","56.94","2656","DSH Desktop","95.8","False"
"2026-09-20 19:41:20.455","56.94","1068","csrss","84.2","False"
"2026-09-20 19:41:20.455","56.94","21436","QQ","55.5","False"
"2026-09-20 19:41:20.455","56.94","25940","WindowsTerminal","55","False"
"2026-09-20 19:41:20.455","56.94","25848","chrome","54.3","False"
"2026-09-20 19:41:20.455","56.94","24348","bililive_browser","49.5","False"
"2026-09-20 19:41:20.455","56.94","17700","livehime","48.8","False"
"2026-09-20 19:41:20.455","56.94","2708","HipsDaemon","45.8","False"
"2026-09-20 19:41:20.455","56.94","12784","explorer","39.1","False"
"2026-09-20 19:41:20.455","56.94","23272","SystemSettings","32.3","False"
"2026-09-20 19:41:20.455","56.94","15204","launcher_main","26.6","False"
"2026-09-20 19:41:20.455","56.94","16008","SearchApp","24.5","False"
"2026-09-20 19:41:20.455","56.94","3696","TextInputHost","15.4","False"
"2026-09-20 19:41:20.455","56.94","18164","LockApp","12.3","False"
"2026-09-20 19:41:20.455","56.94","18564","Video.UI","10.9","False"
"2026-09-20 19:41:20.455","56.94","22644","WeChatAppEx","10.6","False"
"2026-09-20 19:41:20.455","56.94","25340","chrome","9.7","False"
"2026-09-20 19:41:20.455","56.94","4","System","4","False"
"2026-09-20 19:41:21.884","58.37","26820","llama-server","7217.5","False"
"2026-09-20 19:41:21.884","58.37","20224","Client-Win64-Shipping","3304","True"
"2026-09-20 19:41:21.884","58.37","2272","dwm","492.1","False"
"2026-09-20 19:41:21.884","58.37","14604","obs64","123","False"
"2026-09-20 19:41:21.884","58.37","22572","msedgewebview2","97.7","False"
"2026-09-20 19:41:21.884","58.37","2656","DSH Desktop","95.8","False"
"2026-09-20 19:41:21.884","58.37","1068","csrss","84.2","False"
"2026-09-20 19:41:21.884","58.37","21436","QQ","55.5","False"
"2026-09-20 19:41:21.884","58.37","25940","WindowsTerminal","55","False"
"2026-09-20 19:41:21.884","58.37","25848","chrome","54.3","False"
"2026-09-20 19:41:21.884","58.37","24348","bililive_browser","49.5","False"
"2026-09-20 19:41:21.884","58.37","17700","livehime","48.8","False"
"2026-09-20 19:41:21.884","58.37","2708","HipsDaemon","45.8","False"
"2026-09-20 19:41:21.884","58.37","12784","explorer","39.1","False"
"2026-09-20 19:41:21.884","58.37","23272","SystemSettings","32.3","False"
"2026-09-20 19:41:21.884","58.37","15204","launcher_main","26.6","False"
"2026-09-20 19:41:21.884","58.37","16008","SearchApp","24.5","False"
"2026-09-20 19:41:21.884","58.37","3696","TextInputHost","15.4","False"
"2026-09-20 19:41:21.884","58.37","18164","LockApp","12.3","False"
"2026-09-20 19:41:21.884","58.37","18564","Video.UI","10.9","False"
"2026-09-20 19:41:21.884","58.37","22644","WeChatAppEx","10.6","False"
"2026-09-20 19:41:21.884","58.37","25340","chrome","9.7","False"
"2026-09-20 19:41:21.884","58.37","4","System","4","False"
"2026-09-20 19:41:23.331","59.82","26820","llama-server","7217.5","False"
"2026-09-20 19:41:23.331","59.82","20224","Client-Win64-Shipping","3304","True"
"2026-09-20 19:41:23.331","59.82","2272","dwm","492.1","False"
"2026-09-20 19:41:23.331","59.82","14604","obs64","123","False"
"2026-09-20 19:41:23.331","59.82","22572","msedgewebview2","97.7","False"
"2026-09-20 19:41:23.331","59.82","2656","DSH Desktop","95.8","False"
"2026-09-20 19:41:23.331","59.82","1068","csrss","84.2","False"
"2026-09-20 19:41:23.331","59.82","21436","QQ","55.5","False"
"2026-09-20 19:41:23.331","59.82","25940","WindowsTerminal","55","False"
"2026-09-20 19:41:23.331","59.82","25848","chrome","54.3","False"
"2026-09-20 19:41:23.331","59.82","24348","bililive_browser","49.5","False"
"2026-09-20 19:41:23.331","59.82","17700","livehime","48.8","False"
"2026-09-20 19:41:23.331","59.82","2708","HipsDaemon","45.8","False"
"2026-09-20 19:41:23.331","59.82","12784","explorer","39.1","False"
"2026-09-20 19:41:23.331","59.82","23272","SystemSettings","32.3","False"
"2026-09-20 19:41:23.331","59.82","15204","launcher_main","26.6","False"
"2026-09-20 19:41:23.331","59.82","16008","SearchApp","24.5","False"
"2026-09-20 19:41:23.331","59.82","3696","TextInputHost","15.4","False"
"2026-09-20 19:41:23.331","59.82","18164","LockApp","12.3","False"
"2026-09-20 19:41:23.331","59.82","18564","Video.UI","10.9","False"
"2026-09-20 19:41:23.331","59.82","22644","WeChatAppEx","10.6","False"
"2026-09-20 19:41:23.331","59.82","25340","chrome","9.7","False"
"2026-09-20 19:41:23.331","59.82","4","System","4","False"
"2026-09-20 19:41:25.908","62.39","26820","llama-server","7217.5","False"
"2026-09-20 19:41:25.908","62.39","20224","Client-Win64-Shipping","3304","True"
"2026-09-20 19:41:25.908","62.39","2272","dwm","492.1","False"
"2026-09-20 19:41:25.908","62.39","14604","obs64","123","False"
"2026-09-20 19:41:25.908","62.39","22572","msedgewebview2","97.7","False"
"2026-09-20 19:41:25.908","62.39","2656","DSH Desktop","95.8","False"
"2026-09-20 19:41:25.908","62.39","1068","csrss","84.2","False"
"2026-09-20 19:41:25.908","62.39","21436","QQ","55.5","False"
"2026-09-20 19:41:25.908","62.39","25940","WindowsTerminal","55","False"
"2026-09-20 19:41:25.908","62.39","25848","chrome","54.3","False"
"2026-09-20 19:41:25.908","62.39","24348","bililive_browser","49.5","False"
"2026-09-20 19:41:25.908","62.39","17700","livehime","48.8","False"
"2026-09-20 19:41:25.908","62.39","2708","HipsDaemon","45.8","False"
"2026-09-20 19:41:25.908","62.39","12784","explorer","39.1","False"
"2026-09-20 19:41:25.908","62.39","23272","SystemSettings","32.3","False"
"2026-09-20 19:41:25.908","62.39","15204","launcher_main","26.6","False"
"2026-09-20 19:41:25.908","62.39","16008","SearchApp","24.5","False"
"2026-09-20 19:41:25.908","62.39","3696","TextInputHost","15.4","False"
"2026-09-20 19:41:25.908","62.39","18164","LockApp","12.3","False"
"2026-09-20 19:41:25.908","62.39","18564","Video.UI","10.9","False"
"2026-09-20 19:41:25.908","62.39","22644","WeChatAppEx","10.6","False"
"2026-09-20 19:41:25.908","62.39","25340","chrome","9.7","False"
"2026-09-20 19:41:25.908","62.39","4","System","4","False"
"2026-09-20 19:41:27.343","63.83","26820","llama-server","7217.5","False"
"2026-09-20 19:41:27.343","63.83","20224","Client-Win64-Shipping","3304.1","True"
"2026-09-20 19:41:27.343","63.83","2272","dwm","492.1","False"
"2026-09-20 19:41:27.343","63.83","14604","obs64","123","False"
"2026-09-20 19:41:27.343","63.83","22572","msedgewebview2","97.7","False"
"2026-09-20 19:41:27.343","63.83","2656","DSH Desktop","95.8","False"
"2026-09-20 19:41:27.343","63.83","1068","csrss","84.2","False"
"2026-09-20 19:41:27.343","63.83","21436","QQ","55.5","False"
"2026-09-20 19:41:27.343","63.83","25940","WindowsTerminal","55","False"
"2026-09-20 19:41:27.343","63.83","25848","chrome","54.3","False"
"2026-09-20 19:41:27.343","63.83","24348","bililive_browser","49.5","False"
"2026-09-20 19:41:27.343","63.83","17700","livehime","48.8","False"
"2026-09-20 19:41:27.343","63.83","2708","HipsDaemon","45.8","False"
"2026-09-20 19:41:27.343","63.83","12784","explorer","39.1","False"
"2026-09-20 19:41:27.343","63.83","23272","SystemSettings","32.3","False"
"2026-09-20 19:41:27.343","63.83","15204","launcher_main","26.6","False"
"2026-09-20 19:41:27.343","63.83","16008","SearchApp","24.5","False"
"2026-09-20 19:41:27.343","63.83","3696","TextInputHost","15.4","False"
"2026-09-20 19:41:27.343","63.83","18164","LockApp","12.3","False"
"2026-09-20 19:41:27.343","63.83","18564","Video.UI","10.9","False"
"2026-09-20 19:41:27.343","63.83","22644","WeChatAppEx","10.6","False"
"2026-09-20 19:41:27.343","63.83","25340","chrome","9.7","False"
"2026-09-20 19:41:27.343","63.83","4","System","4","False"
"2026-09-20 19:41:28.777","65.26","26820","llama-server","7217.5","False"
"2026-09-20 19:41:28.777","65.26","20224","Client-Win64-Shipping","3304.1","True"
"2026-09-20 19:41:28.777","65.26","2272","dwm","492.1","False"
"2026-09-20 19:41:28.777","65.26","14604","obs64","123","False"
"2026-09-20 19:41:28.777","65.26","22572","msedgewebview2","97.7","False"
"2026-09-20 19:41:28.777","65.26","2656","DSH Desktop","95.8","False"
"2026-09-20 19:41:28.777","65.26","1068","csrss","84.2","False"
"2026-09-20 19:41:28.777","65.26","21436","QQ","55.5","False"
"2026-09-20 19:41:28.777","65.26","25940","WindowsTerminal","55","False"
"2026-09-20 19:41:28.777","65.26","25848","chrome","54.3","False"
"2026-09-20 19:41:28.777","65.26","24348","bililive_browser","49.5","False"
"2026-09-20 19:41:28.777","65.26","17700","livehime","48.8","False"
"2026-09-20 19:41:28.777","65.26","2708","HipsDaemon","45.8","False"
"2026-09-20 19:41:28.777","65.26","12784","explorer","39.1","False"
"2026-09-20 19:41:28.777","65.26","23272","SystemSettings","32.3","False"
"2026-09-20 19:41:28.777","65.26","15204","launcher_main","26.6","False"
"2026-09-20 19:41:28.777","65.26","16008","SearchApp","24.5","False"
"2026-09-20 19:41:28.777","65.26","3696","TextInputHost","15.4","False"
"2026-09-20 19:41:28.777","65.26","18164","LockApp","12.3","False"
"2026-09-20 19:41:28.777","65.26","18564","Video.UI","10.9","False"
"2026-09-20 19:41:28.777","65.26","22644","WeChatAppEx","10.6","False"
"2026-09-20 19:41:28.777","65.26","25340","chrome","9.7","False"
"2026-09-20 19:41:28.777","65.26","4","System","4","False"
"2026-09-20 19:41:30.216","66.7","26820","llama-server","7217.5","False"
"2026-09-20 19:41:30.216","66.7","20224","Client-Win64-Shipping","3304","True"
"2026-09-20 19:41:30.216","66.7","2272","dwm","492.1","False"
"2026-09-20 19:41:30.216","66.7","14604","obs64","123","False"
"2026-09-20 19:41:30.216","66.7","22572","msedgewebview2","97.7","False"
"2026-09-20 19:41:30.216","66.7","2656","DSH Desktop","95.8","False"
"2026-09-20 19:41:30.216","66.7","1068","csrss","84.2","False"
"2026-09-20 19:41:30.216","66.7","21436","QQ","55.5","False"
"2026-09-20 19:41:30.216","66.7","25940","WindowsTerminal","55","False"
"2026-09-20 19:41:30.216","66.7","25848","chrome","54.3","False"
"2026-09-20 19:41:30.216","66.7","24348","bililive_browser","49.5","False"
"2026-09-20 19:41:30.216","66.7","17700","livehime","48.8","False"
"2026-09-20 19:41:30.216","66.7","2708","HipsDaemon","45.8","False"
"2026-09-20 19:41:30.216","66.7","12784","explorer","39.1","False"
"2026-09-20 19:41:30.216","66.7","23272","SystemSettings","32.3","False"
"2026-09-20 19:41:30.216","66.7","15204","launcher_main","26.6","False"
"2026-09-20 19:41:30.216","66.7","16008","SearchApp","24.5","False"
"2026-09-20 19:41:30.216","66.7","3696","TextInputHost","15.4","False"
"2026-09-20 19:41:30.216","66.7","18164","LockApp","12.3","False"
"2026-09-20 19:41:30.216","66.7","18564","Video.UI","10.9","False"
"2026-09-20 19:41:30.216","66.7","22644","WeChatAppEx","10.6","False"
"2026-09-20 19:41:30.216","66.7","25340","chrome","9.7","False"
"2026-09-20 19:41:30.216","66.7","4","System","4","False"
"2026-09-20 19:41:31.646","68.13","26820","llama-server","7217.5","False"
"2026-09-20 19:41:31.646","68.13","20224","Client-Win64-Shipping","3304","True"
"2026-09-20 19:41:31.646","68.13","2272","dwm","492.1","False"
"2026-09-20 19:41:31.646","68.13","14604","obs64","123","False"
"2026-09-20 19:41:31.646","68.13","22572","msedgewebview2","97.7","False"
"2026-09-20 19:41:31.646","68.13","2656","DSH Desktop","95.8","False"
"2026-09-20 19:41:31.646","68.13","1068","csrss","84.2","False"
"2026-09-20 19:41:31.646","68.13","21436","QQ","55.5","False"
"2026-09-20 19:41:31.646","68.13","25940","WindowsTerminal","55","False"
"2026-09-20 19:41:31.646","68.13","25848","chrome","54.3","False"
"2026-09-20 19:41:31.646","68.13","24348","bililive_browser","49.5","False"
"2026-09-20 19:41:31.646","68.13","17700","livehime","48.8","False"
"2026-09-20 19:41:31.646","68.13","2708","HipsDaemon","45.8","False"
"2026-09-20 19:41:31.646","68.13","12784","explorer","39.1","False"
"2026-09-20 19:41:31.646","68.13","23272","SystemSettings","32.3","False"
"2026-09-20 19:41:31.646","68.13","15204","launcher_main","26.6","False"
"2026-09-20 19:41:31.646","68.13","16008","SearchApp","24.5","False"
"2026-09-20 19:41:31.646","68.13","3696","TextInputHost","15.4","False"
"2026-09-20 19:41:31.646","68.13","18164","LockApp","12.3","False"
"2026-09-20 19:41:31.646","68.13","18564","Video.UI","10.9","False"
"2026-09-20 19:41:31.646","68.13","22644","WeChatAppEx","10.6","False"
"2026-09-20 19:41:31.646","68.13","25340","chrome","9.7","False"
"2026-09-20 19:41:31.646","68.13","4","System","4","False"
"2026-09-20 19:41:33.109","69.59","26820","llama-server","7217.5","False"
"2026-09-20 19:41:33.109","69.59","20224","Client-Win64-Shipping","3304","True"
"2026-09-20 19:41:33.109","69.59","2272","dwm","492.1","False"
"2026-09-20 19:41:33.109","69.59","14604","obs64","123","False"
"2026-09-20 19:41:33.109","69.59","22572","msedgewebview2","97.7","False"
"2026-09-20 19:41:33.109","69.59","2656","DSH Desktop","95.8","False"
"2026-09-20 19:41:33.109","69.59","1068","csrss","84.2","False"
"2026-09-20 19:41:33.109","69.59","21436","QQ","55.5","False"
"2026-09-20 19:41:33.109","69.59","25940","WindowsTerminal","55","False"
"2026-09-20 19:41:33.109","69.59","25848","chrome","54.3","False"
"2026-09-20 19:41:33.109","69.59","24348","bililive_browser","49.5","False"
"2026-09-20 19:41:33.109","69.59","17700","livehime","48.8","False"
"2026-09-20 19:41:33.109","69.59","2708","HipsDaemon","45.8","False"
"2026-09-20 19:41:33.109","69.59","12784","explorer","39.1","False"
"2026-09-20 19:41:33.109","69.59","23272","SystemSettings","32.3","False"
"2026-09-20 19:41:33.109","69.59","15204","launcher_main","26.6","False"
"2026-09-20 19:41:33.109","69.59","16008","SearchApp","24.5","False"
"2026-09-20 19:41:33.109","69.59","3696","TextInputHost","15.4","False"
"2026-09-20 19:41:33.109","69.59","18164","LockApp","12.3","False"
"2026-09-20 19:41:33.109","69.59","18564","Video.UI","10.9","False"
"2026-09-20 19:41:33.109","69.59","22644","WeChatAppEx","10.6","False"
"2026-09-20 19:41:33.109","69.59","25340","chrome","9.7","False"
"2026-09-20 19:41:33.109","69.59","4","System","4","False"
"2026-09-20 19:41:34.575","71.06","26820","llama-server","7217.5","False"
"2026-09-20 19:41:34.575","71.06","20224","Client-Win64-Shipping","3304","True"
"2026-09-20 19:41:34.575","71.06","2272","dwm","492.1","False"
"2026-09-20 19:41:34.575","71.06","14604","obs64","123","False"
"2026-09-20 19:41:34.575","71.06","22572","msedgewebview2","97.7","False"
"2026-09-20 19:41:34.575","71.06","2656","DSH Desktop","95.8","False"
"2026-09-20 19:41:34.575","71.06","1068","csrss","84.2","False"
"2026-09-20 19:41:34.575","71.06","21436","QQ","55.5","False"
"2026-09-20 19:41:34.575","71.06","25940","WindowsTerminal","55","False"
"2026-09-20 19:41:34.575","71.06","25848","chrome","54.3","False"
"2026-09-20 19:41:34.575","71.06","24348","bililive_browser","49.5","False"
"2026-09-20 19:41:34.575","71.06","17700","livehime","48.8","False"
"2026-09-20 19:41:34.575","71.06","2708","HipsDaemon","45.8","False"
"2026-09-20 19:41:34.575","71.06","12784","explorer","39.1","False"
"2026-09-20 19:41:34.575","71.06","23272","SystemSettings","32.3","False"
"2026-09-20 19:41:34.575","71.06","15204","launcher_main","26.6","False"
"2026-09-20 19:41:34.575","71.06","16008","SearchApp","24.5","False"
"2026-09-20 19:41:34.575","71.06","3696","TextInputHost","15.4","False"
"2026-09-20 19:41:34.575","71.06","18164","LockApp","12.3","False"
"2026-09-20 19:41:34.575","71.06","18564","Video.UI","10.9","False"
"2026-09-20 19:41:34.575","71.06","22644","WeChatAppEx","10.6","False"
"2026-09-20 19:41:34.575","71.06","25340","chrome","9.7","False"
"2026-09-20 19:41:34.575","71.06","4","System","4","False"
"2026-09-20 19:41:36.024","72.51","26820","llama-server","7217.5","False"
"2026-09-20 19:41:36.024","72.51","20224","Client-Win64-Shipping","3304","True"
"2026-09-20 19:41:36.024","72.51","2272","dwm","492.1","False"
"2026-09-20 19:41:36.024","72.51","14604","obs64","123","False"
"2026-09-20 19:41:36.024","72.51","22572","msedgewebview2","97.7","False"
"2026-09-20 19:41:36.024","72.51","2656","DSH Desktop","95.8","False"
"2026-09-20 19:41:36.024","72.51","1068","csrss","84.2","False"
"2026-09-20 19:41:36.024","72.51","21436","QQ","55.5","False"
"2026-09-20 19:41:36.024","72.51","25940","WindowsTerminal","55","False"
"2026-09-20 19:41:36.024","72.51","25848","chrome","54.3","False"
"2026-09-20 19:41:36.024","72.51","24348","bililive_browser","49.5","False"
"2026-09-20 19:41:36.024","72.51","17700","livehime","48.8","False"
"2026-09-20 19:41:36.024","72.51","2708","HipsDaemon","45.8","False"
"2026-09-20 19:41:36.024","72.51","12784","explorer","39.1","False"
"2026-09-20 19:41:36.024","72.51","23272","SystemSettings","32.3","False"
"2026-09-20 19:41:36.024","72.51","15204","launcher_main","26.6","False"
"2026-09-20 19:41:36.024","72.51","16008","SearchApp","24.5","False"
"2026-09-20 19:41:36.024","72.51","3696","TextInputHost","15.4","False"
"2026-09-20 19:41:36.024","72.51","18164","LockApp","12.3","False"
"2026-09-20 19:41:36.024","72.51","18564","Video.UI","10.9","False"
"2026-09-20 19:41:36.024","72.51","22644","WeChatAppEx","10.6","False"
"2026-09-20 19:41:36.024","72.51","25340","chrome","9.7","False"
"2026-09-20 19:41:36.024","72.51","4","System","4","False"
"2026-09-20 19:41:37.485","73.97","26820","llama-server","7217.5","False"
"2026-09-20 19:41:37.485","73.97","20224","Client-Win64-Shipping","3304","True"
"2026-09-20 19:41:37.485","73.97","2272","dwm","492.1","False"
"2026-09-20 19:41:37.485","73.97","14604","obs64","123","False"
"2026-09-20 19:41:37.485","73.97","22572","msedgewebview2","97.7","False"
"2026-09-20 19:41:37.485","73.97","2656","DSH Desktop","95.8","False"
"2026-09-20 19:41:37.485","73.97","1068","csrss","84.2","False"
"2026-09-20 19:41:37.485","73.97","21436","QQ","55.5","False"
"2026-09-20 19:41:37.485","73.97","25940","WindowsTerminal","55","False"
"2026-09-20 19:41:37.485","73.97","25848","chrome","54.3","False"
"2026-09-20 19:41:37.485","73.97","24348","bililive_browser","49.5","False"
"2026-09-20 19:41:37.485","73.97","17700","livehime","48.8","False"
"2026-09-20 19:41:37.485","73.97","2708","HipsDaemon","45.8","False"
"2026-09-20 19:41:37.485","73.97","12784","explorer","39.1","False"
"2026-09-20 19:41:37.485","73.97","23272","SystemSettings","32.3","False"
"2026-09-20 19:41:37.485","73.97","15204","launcher_main","26.6","False"
"2026-09-20 19:41:37.485","73.97","16008","SearchApp","24.5","False"
"2026-09-20 19:41:37.485","73.97","3696","TextInputHost","15.4","False"
"2026-09-20 19:41:37.485","73.97","18164","LockApp","12.3","False"
"2026-09-20 19:41:37.485","73.97","18564","Video.UI","10.9","False"
"2026-09-20 19:41:37.485","73.97","22644","WeChatAppEx","10.6","False"
"2026-09-20 19:41:37.485","73.97","25340","chrome","9.7","False"
"2026-09-20 19:41:37.485","73.97","4","System","4","False"
"2026-09-20 19:41:38.938","75.42","26820","llama-server","7217.5","False"
"2026-09-20 19:41:38.938","75.42","20224","Client-Win64-Shipping","3304","True"
"2026-09-20 19:41:38.938","75.42","2272","dwm","492.1","False"
"2026-09-20 19:41:38.938","75.42","14604","obs64","123","False"
"2026-09-20 19:41:38.938","75.42","22572","msedgewebview2","97.7","False"
"2026-09-20 19:41:38.938","75.42","2656","DSH Desktop","95.8","False"
"2026-09-20 19:41:38.938","75.42","1068","csrss","84.2","False"
"2026-09-20 19:41:38.938","75.42","21436","QQ","55.5","False"
"2026-09-20 19:41:38.938","75.42","25940","WindowsTerminal","55","False"
"2026-09-20 19:41:38.938","75.42","25848","chrome","54.3","False"
"2026-09-20 19:41:38.938","75.42","24348","bililive_browser","49.5","False"
"2026-09-20 19:41:38.938","75.42","17700","livehime","48.8","False"
"2026-09-20 19:41:38.938","75.42","2708","HipsDaemon","45.8","False"
"2026-09-20 19:41:38.938","75.42","12784","explorer","39.1","False"
"2026-09-20 19:41:38.938","75.42","23272","SystemSettings","32.3","False"
"2026-09-20 19:41:38.938","75.42","15204","launcher_main","26.6","False"
"2026-09-20 19:41:38.938","75.42","16008","SearchApp","24.5","False"
"2026-09-20 19:41:38.938","75.42","3696","TextInputHost","15.4","False"
"2026-09-20 19:41:38.938","75.42","18164","LockApp","12.3","False"
"2026-09-20 19:41:38.938","75.42","18564","Video.UI","10.9","False"
"2026-09-20 19:41:38.938","75.42","22644","WeChatAppEx","10.6","False"
"2026-09-20 19:41:38.938","75.42","25340","chrome","9.7","False"
"2026-09-20 19:41:38.938","75.42","4","System","4","False"
"2026-09-20 19:41:40.407","76.89","26820","llama-server","7217.5","False"
"2026-09-20 19:41:40.407","76.89","20224","Client-Win64-Shipping","3304","True"
"2026-09-20 19:41:40.407","76.89","2272","dwm","492.1","False"
"2026-09-20 19:41:40.407","76.89","14604","obs64","123","False"
"2026-09-20 19:41:40.407","76.89","22572","msedgewebview2","97.7","False"
"2026-09-20 19:41:40.407","76.89","2656","DSH Desktop","95.8","False"
"2026-09-20 19:41:40.407","76.89","1068","csrss","84.2","False"
"2026-09-20 19:41:40.407","76.89","21436","QQ","55.5","False"
"2026-09-20 19:41:40.407","76.89","25940","WindowsTerminal","55","False"
"2026-09-20 19:41:40.407","76.89","25848","chrome","54.3","False"
"2026-09-20 19:41:40.407","76.89","24348","bililive_browser","49.5","False"
"2026-09-20 19:41:40.407","76.89","17700","livehime","48.8","False"
"2026-09-20 19:41:40.407","76.89","2708","HipsDaemon","45.8","False"
"2026-09-20 19:41:40.407","76.89","12784","explorer","39.1","False"
"2026-09-20 19:41:40.407","76.89","23272","SystemSettings","32.3","False"
"2026-09-20 19:41:40.407","76.89","15204","launcher_main","26.6","False"
"2026-09-20 19:41:40.407","76.89","16008","SearchApp","24.5","False"
"2026-09-20 19:41:40.407","76.89","3696","TextInputHost","15.4","False"
"2026-09-20 19:41:40.407","76.89","18164","LockApp","12.3","False"
"2026-09-20 19:41:40.407","76.89","18564","Video.UI","10.9","False"
"2026-09-20 19:41:40.407","76.89","22644","WeChatAppEx","10.6","False"
"2026-09-20 19:41:40.407","76.89","25340","chrome","9.7","False"
"2026-09-20 19:41:40.407","76.89","4","System","4","False"
"2026-09-20 19:41:41.884","78.37","26820","llama-server","7217.5","False"
"2026-09-20 19:41:41.884","78.37","20224","Client-Win64-Shipping","3304","True"
"2026-09-20 19:41:41.884","78.37","2272","dwm","492.1","False"
"2026-09-20 19:41:41.884","78.37","14604","obs64","123","False"
"2026-09-20 19:41:41.884","78.37","22572","msedgewebview2","97.7","False"
"2026-09-20 19:41:41.884","78.37","2656","DSH Desktop","95.8","False"
"2026-09-20 19:41:41.884","78.37","1068","csrss","84.2","False"
"2026-09-20 19:41:41.884","78.37","21436","QQ","55.5","False"
"2026-09-20 19:41:41.884","78.37","25940","WindowsTerminal","55","False"
"2026-09-20 19:41:41.884","78.37","25848","chrome","54.3","False"
"2026-09-20 19:41:41.884","78.37","24348","bililive_browser","49.5","False"
"2026-09-20 19:41:41.884","78.37","17700","livehime","48.8","False"
"2026-09-20 19:41:41.884","78.37","2708","HipsDaemon","45.8","False"
"2026-09-20 19:41:41.884","78.37","12784","explorer","39.1","False"
"2026-09-20 19:41:41.884","78.37","23272","SystemSettings","32.3","False"
"2026-09-20 19:41:41.884","78.37","15204","launcher_main","26.6","False"
"2026-09-20 19:41:41.884","78.37","16008","SearchApp","24.5","False"
"2026-09-20 19:41:41.884","78.37","3696","TextInputHost","15.4","False"
"2026-09-20 19:41:41.884","78.37","18164","LockApp","12.3","False"
"2026-09-20 19:41:41.884","78.37","18564","Video.UI","10.9","False"
"2026-09-20 19:41:41.884","78.37","22644","WeChatAppEx","10.6","False"
"2026-09-20 19:41:41.884","78.37","25340","chrome","9.7","False"
"2026-09-20 19:41:41.884","78.37","4","System","4","False"
"2026-09-20 19:41:43.333","79.82","26820","llama-server","7217.5","False"
"2026-09-20 19:41:43.333","79.82","20224","Client-Win64-Shipping","3304","True"
"2026-09-20 19:41:43.333","79.82","2272","dwm","492.1","False"
"2026-09-20 19:41:43.333","79.82","14604","obs64","123","False"
"2026-09-20 19:41:43.333","79.82","22572","msedgewebview2","97.7","False"
"2026-09-20 19:41:43.333","79.82","2656","DSH Desktop","95.8","False"
"2026-09-20 19:41:43.333","79.82","1068","csrss","84.2","False"
"2026-09-20 19:41:43.333","79.82","21436","QQ","55.5","False"
"2026-09-20 19:41:43.333","79.82","25940","WindowsTerminal","55","False"
"2026-09-20 19:41:43.333","79.82","25848","chrome","54.3","False"
"2026-09-20 19:41:43.333","79.82","24348","bililive_browser","49.5","False"
"2026-09-20 19:41:43.333","79.82","17700","livehime","48.8","False"
"2026-09-20 19:41:43.333","79.82","2708","HipsDaemon","45.8","False"
"2026-09-20 19:41:43.333","79.82","12784","explorer","39.1","False"
"2026-09-20 19:41:43.333","79.82","23272","SystemSettings","32.3","False"
"2026-09-20 19:41:43.333","79.82","15204","launcher_main","26.6","False"
"2026-09-20 19:41:43.333","79.82","16008","SearchApp","24.5","False"
"2026-09-20 19:41:43.333","79.82","3696","TextInputHost","15.4","False"
"2026-09-20 19:41:43.333","79.82","18164","LockApp","12.3","False"
"2026-09-20 19:41:43.333","79.82","18564","Video.UI","10.9","False"
"2026-09-20 19:41:43.333","79.82","22644","WeChatAppEx","10.6","False"
"2026-09-20 19:41:43.333","79.82","25340","chrome","9.7","False"
"2026-09-20 19:41:43.333","79.82","4","System","4","False"
"2026-09-20 19:41:44.785","81.27","26820","llama-server","7217.5","False"
"2026-09-20 19:41:44.785","81.27","20224","Client-Win64-Shipping","3304","True"
"2026-09-20 19:41:44.785","81.27","2272","dwm","492.1","False"
"2026-09-20 19:41:44.785","81.27","14604","obs64","123","False"
"2026-09-20 19:41:44.785","81.27","22572","msedgewebview2","97.7","False"
"2026-09-20 19:41:44.785","81.27","2656","DSH Desktop","95.8","False"
"2026-09-20 19:41:44.785","81.27","1068","csrss","84.2","False"
"2026-09-20 19:41:44.785","81.27","21436","QQ","55.5","False"
"2026-09-20 19:41:44.785","81.27","25940","WindowsTerminal","55","False"
"2026-09-20 19:41:44.785","81.27","25848","chrome","54.3","False"
"2026-09-20 19:41:44.785","81.27","24348","bililive_browser","49.5","False"
"2026-09-20 19:41:44.785","81.27","17700","livehime","48.8","False"
"2026-09-20 19:41:44.785","81.27","2708","HipsDaemon","45.8","False"
"2026-09-20 19:41:44.785","81.27","12784","explorer","39.1","False"
"2026-09-20 19:41:44.785","81.27","23272","SystemSettings","32.3","False"
"2026-09-20 19:41:44.785","81.27","15204","launcher_main","26.6","False"
"2026-09-20 19:41:44.785","81.27","16008","SearchApp","24.5","False"
"2026-09-20 19:41:44.785","81.27","3696","TextInputHost","15.4","False"
"2026-09-20 19:41:44.785","81.27","18164","LockApp","12.3","False"
"2026-09-20 19:41:44.785","81.27","18564","Video.UI","10.9","False"
"2026-09-20 19:41:44.785","81.27","22644","WeChatAppEx","10.6","False"
"2026-09-20 19:41:44.785","81.27","25340","chrome","9.7","False"
"2026-09-20 19:41:44.785","81.27","4","System","4","False"
"2026-09-20 19:41:46.243","82.73","26820","llama-server","7217.5","False"
"2026-09-20 19:41:46.243","82.73","20224","Client-Win64-Shipping","3304","True"
"2026-09-20 19:41:46.243","82.73","2272","dwm","492.1","False"
"2026-09-20 19:41:46.243","82.73","14604","obs64","123","False"
"2026-09-20 19:41:46.243","82.73","22572","msedgewebview2","97.7","False"
"2026-09-20 19:41:46.243","82.73","2656","DSH Desktop","95.8","False"
"2026-09-20 19:41:46.243","82.73","1068","csrss","84.2","False"
"2026-09-20 19:41:46.243","82.73","21436","QQ","55.5","False"
"2026-09-20 19:41:46.243","82.73","25940","WindowsTerminal","55","False"
"2026-09-20 19:41:46.243","82.73","25848","chrome","54.3","False"
"2026-09-20 19:41:46.243","82.73","24348","bililive_browser","49.5","False"
"2026-09-20 19:41:46.243","82.73","17700","livehime","48.8","False"
"2026-09-20 19:41:46.243","82.73","2708","HipsDaemon","45.8","False"
"2026-09-20 19:41:46.243","82.73","12784","explorer","39.1","False"
"2026-09-20 19:41:46.243","82.73","23272","SystemSettings","32.3","False"
"2026-09-20 19:41:46.243","82.73","15204","launcher_main","26.6","False"
"2026-09-20 19:41:46.243","82.73","16008","SearchApp","24.5","False"
"2026-09-20 19:41:46.243","82.73","3696","TextInputHost","15.4","False"
"2026-09-20 19:41:46.243","82.73","18164","LockApp","12.3","False"
"2026-09-20 19:41:46.243","82.73","18564","Video.UI","10.9","False"
"2026-09-20 19:41:46.243","82.73","22644","WeChatAppEx","10.6","False"
"2026-09-20 19:41:46.243","82.73","25340","chrome","9.7","False"
"2026-09-20 19:41:46.243","82.73","4","System","4","False"
"2026-09-20 19:41:47.684","84.17","26820","llama-server","7217.5","False"
"2026-09-20 19:41:47.684","84.17","20224","Client-Win64-Shipping","3304","True"
"2026-09-20 19:41:47.684","84.17","2272","dwm","492.1","False"
"2026-09-20 19:41:47.684","84.17","14604","obs64","123","False"
"2026-09-20 19:41:47.684","84.17","22572","msedgewebview2","97.7","False"
"2026-09-20 19:41:47.684","84.17","2656","DSH Desktop","95.8","False"
"2026-09-20 19:41:47.684","84.17","1068","csrss","84.2","False"
"2026-09-20 19:41:47.684","84.17","21436","QQ","55.5","False"
"2026-09-20 19:41:47.684","84.17","25940","WindowsTerminal","55","False"
"2026-09-20 19:41:47.684","84.17","25848","chrome","54.3","False"
"2026-09-20 19:41:47.684","84.17","24348","bililive_browser","49.5","False"
"2026-09-20 19:41:47.684","84.17","17700","livehime","48.8","False"
"2026-09-20 19:41:47.684","84.17","2708","HipsDaemon","45.8","False"
"2026-09-20 19:41:47.684","84.17","12784","explorer","39.1","False"
"2026-09-20 19:41:47.684","84.17","23272","SystemSettings","32.3","False"
"2026-09-20 19:41:47.684","84.17","15204","launcher_main","26.6","False"
"2026-09-20 19:41:47.684","84.17","16008","SearchApp","24.5","False"
"2026-09-20 19:41:47.684","84.17","3696","TextInputHost","15.4","False"
"2026-09-20 19:41:47.684","84.17","18164","LockApp","12.3","False"
"2026-09-20 19:41:47.684","84.17","18564","Video.UI","10.9","False"
"2026-09-20 19:41:47.684","84.17","22644","WeChatAppEx","10.6","False"
"2026-09-20 19:41:47.684","84.17","25340","chrome","9.7","False"
"2026-09-20 19:41:47.684","84.17","4","System","4","False"
"2026-09-20 19:41:49.143","85.63","26820","llama-server","7217.5","False"
"2026-09-20 19:41:49.143","85.63","20224","Client-Win64-Shipping","3304","True"
"2026-09-20 19:41:49.143","85.63","2272","dwm","492.1","False"
"2026-09-20 19:41:49.143","85.63","14604","obs64","123","False"
"2026-09-20 19:41:49.143","85.63","22572","msedgewebview2","97.7","False"
"2026-09-20 19:41:49.143","85.63","2656","DSH Desktop","95.8","False"
"2026-09-20 19:41:49.143","85.63","1068","csrss","84.2","False"
"2026-09-20 19:41:49.143","85.63","21436","QQ","55.5","False"
"2026-09-20 19:41:49.143","85.63","25940","WindowsTerminal","55","False"
"2026-09-20 19:41:49.143","85.63","25848","chrome","54.3","False"
"2026-09-20 19:41:49.143","85.63","24348","bililive_browser","49.5","False"
"2026-09-20 19:41:49.143","85.63","17700","livehime","48.8","False"
"2026-09-20 19:41:49.143","85.63","2708","HipsDaemon","45.8","False"
"2026-09-20 19:41:49.143","85.63","12784","explorer","39.1","False"
"2026-09-20 19:41:49.143","85.63","23272","SystemSettings","32.3","False"
"2026-09-20 19:41:49.143","85.63","15204","launcher_main","26.6","False"
"2026-09-20 19:41:49.143","85.63","16008","SearchApp","24.5","False"
"2026-09-20 19:41:49.143","85.63","3696","TextInputHost","15.4","False"
"2026-09-20 19:41:49.143","85.63","18164","LockApp","12.3","False"
"2026-09-20 19:41:49.143","85.63","18564","Video.UI","10.9","False"
"2026-09-20 19:41:49.143","85.63","22644","WeChatAppEx","10.6","False"
"2026-09-20 19:41:49.143","85.63","25340","chrome","9.7","False"
"2026-09-20 19:41:49.143","85.63","4","System","4","False"
"2026-09-20 19:41:50.622","87.11","26820","llama-server","7217.5","False"
"2026-09-20 19:41:50.622","87.11","20224","Client-Win64-Shipping","3303.9","True"
"2026-09-20 19:41:50.622","87.11","2272","dwm","492.1","False"
"2026-09-20 19:41:50.622","87.11","14604","obs64","123","False"
"2026-09-20 19:41:50.622","87.11","22572","msedgewebview2","97.7","False"
"2026-09-20 19:41:50.622","87.11","2656","DSH Desktop","95.8","False"
"2026-09-20 19:41:50.622","87.11","1068","csrss","84.2","False"
"2026-09-20 19:41:50.622","87.11","21436","QQ","55.5","False"
"2026-09-20 19:41:50.622","87.11","25940","WindowsTerminal","55","False"
"2026-09-20 19:41:50.622","87.11","25848","chrome","54.3","False"
"2026-09-20 19:41:50.622","87.11","24348","bililive_browser","49.5","False"
"2026-09-20 19:41:50.622","87.11","17700","livehime","48.8","False"
"2026-09-20 19:41:50.622","87.11","2708","HipsDaemon","45.8","False"
"2026-09-20 19:41:50.622","87.11","12784","explorer","39.1","False"
"2026-09-20 19:41:50.622","87.11","23272","SystemSettings","32.3","False"
"2026-09-20 19:41:50.622","87.11","15204","launcher_main","26.6","False"
"2026-09-20 19:41:50.622","87.11","16008","SearchApp","24.5","False"
"2026-09-20 19:41:50.622","87.11","3696","TextInputHost","15.4","False"
"2026-09-20 19:41:50.622","87.11","18164","LockApp","12.3","False"
"2026-09-20 19:41:50.622","87.11","18564","Video.UI","10.9","False"
"2026-09-20 19:41:50.622","87.11","22644","WeChatAppEx","10.6","False"
"2026-09-20 19:41:50.622","87.11","25340","chrome","9.7","False"
"2026-09-20 19:41:50.622","87.11","4","System","4","False"
"2026-09-20 19:41:52.062","88.55","26820","llama-server","7217.5","False"
"2026-09-20 19:41:52.062","88.55","20224","Client-Win64-Shipping","3303.9","True"
"2026-09-20 19:41:52.062","88.55","2272","dwm","492.1","False"
"2026-09-20 19:41:52.062","88.55","14604","obs64","123","False"
"2026-09-20 19:41:52.062","88.55","22572","msedgewebview2","97.7","False"
"2026-09-20 19:41:52.062","88.55","2656","DSH Desktop","95.8","False"
"2026-09-20 19:41:52.062","88.55","1068","csrss","84.2","False"
"2026-09-20 19:41:52.062","88.55","21436","QQ","55.5","False"
"2026-09-20 19:41:52.062","88.55","25940","WindowsTerminal","55","False"
"2026-09-20 19:41:52.062","88.55","25848","chrome","54.3","False"
"2026-09-20 19:41:52.062","88.55","24348","bililive_browser","49.5","False"
"2026-09-20 19:41:52.062","88.55","17700","livehime","48.8","False"
"2026-09-20 19:41:52.062","88.55","2708","HipsDaemon","45.8","False"
"2026-09-20 19:41:52.062","88.55","12784","explorer","39.1","False"
"2026-09-20 19:41:52.062","88.55","23272","SystemSettings","32.3","False"
"2026-09-20 19:41:52.062","88.55","15204","launcher_main","26.6","False"
"2026-09-20 19:41:52.062","88.55","16008","SearchApp","24.5","False"
"2026-09-20 19:41:52.062","88.55","3696","TextInputHost","15.4","False"
"2026-09-20 19:41:52.062","88.55","18164","LockApp","12.3","False"
"2026-09-20 19:41:52.062","88.55","18564","Video.UI","10.9","False"
"2026-09-20 19:41:52.062","88.55","22644","WeChatAppEx","10.6","False"
"2026-09-20 19:41:52.062","88.55","25340","chrome","9.7","False"
"2026-09-20 19:41:52.062","88.55","4","System","4","False"
"2026-09-20 19:41:53.519","90","26820","llama-server","7217.5","False"
"2026-09-20 19:41:53.519","90","20224","Client-Win64-Shipping","3303.9","True"
"2026-09-20 19:41:53.519","90","2272","dwm","492.1","False"
"2026-09-20 19:41:53.519","90","14604","obs64","123","False"
"2026-09-20 19:41:53.519","90","22572","msedgewebview2","97.7","False"
"2026-09-20 19:41:53.519","90","2656","DSH Desktop","95.8","False"
"2026-09-20 19:41:53.519","90","1068","csrss","84.2","False"
"2026-09-20 19:41:53.519","90","21436","QQ","55.5","False"
"2026-09-20 19:41:53.519","90","25940","WindowsTerminal","55","False"
"2026-09-20 19:41:53.519","90","25848","chrome","54.3","False"
"2026-09-20 19:41:53.519","90","24348","bililive_browser","49.5","False"
"2026-09-20 19:41:53.519","90","17700","livehime","48.8","False"
"2026-09-20 19:41:53.519","90","2708","HipsDaemon","45.8","False"
"2026-09-20 19:41:53.519","90","12784","explorer","39.1","False"
"2026-09-20 19:41:53.519","90","23272","SystemSettings","32.3","False"
"2026-09-20 19:41:53.519","90","15204","launcher_main","26.6","False"
"2026-09-20 19:41:53.519","90","16008","SearchApp","24.5","False"
"2026-09-20 19:41:53.519","90","3696","TextInputHost","15.4","False"
"2026-09-20 19:41:53.519","90","18164","LockApp","12.3","False"
"2026-09-20 19:41:53.519","90","18564","Video.UI","10.9","False"
"2026-09-20 19:41:53.519","90","22644","WeChatAppEx","10.6","False"
"2026-09-20 19:41:53.519","90","25340","chrome","9.7","False"
"2026-09-20 19:41:53.519","90","4","System","4","False"
"2026-09-20 19:41:54.985","91.47","26820","llama-server","7217.5","False"
"2026-09-20 19:41:54.985","91.47","20224","Client-Win64-Shipping","3303.9","True"
"2026-09-20 19:41:54.985","91.47","2272","dwm","492.1","False"
"2026-09-20 19:41:54.985","91.47","14604","obs64","123","False"
"2026-09-20 19:41:54.985","91.47","22572","msedgewebview2","97.7","False"
"2026-09-20 19:41:54.985","91.47","2656","DSH Desktop","95.8","False"
"2026-09-20 19:41:54.985","91.47","1068","csrss","84.2","False"
"2026-09-20 19:41:54.985","91.47","21436","QQ","55.5","False"
"2026-09-20 19:41:54.985","91.47","25940","WindowsTerminal","55","False"
"2026-09-20 19:41:54.985","91.47","25848","chrome","54.3","False"
"2026-09-20 19:41:54.985","91.47","24348","bililive_browser","49.5","False"
"2026-09-20 19:41:54.985","91.47","17700","livehime","48.8","False"
"2026-09-20 19:41:54.985","91.47","2708","HipsDaemon","45.8","False"
"2026-09-20 19:41:54.985","91.47","12784","explorer","39.1","False"
"2026-09-20 19:41:54.985","91.47","23272","SystemSettings","32.3","False"
"2026-09-20 19:41:54.985","91.47","15204","launcher_main","26.6","False"
"2026-09-20 19:41:54.985","91.47","16008","SearchApp","24.5","False"
"2026-09-20 19:41:54.985","91.47","3696","TextInputHost","15.4","False"
"2026-09-20 19:41:54.985","91.47","18164","LockApp","12.3","False"
"2026-09-20 19:41:54.985","91.47","18564","Video.UI","10.9","False"
"2026-09-20 19:41:54.985","91.47","22644","WeChatAppEx","10.6","False"
"2026-09-20 19:41:54.985","91.47","25340","chrome","9.7","False"
"2026-09-20 19:41:54.985","91.47","4","System","4","False"
"2026-09-20 19:41:56.455","92.94","26820","llama-server","7217.5","False"
"2026-09-20 19:41:56.455","92.94","20224","Client-Win64-Shipping","3303.9","True"
"2026-09-20 19:41:56.455","92.94","2272","dwm","492.1","False"
"2026-09-20 19:41:56.455","92.94","14604","obs64","123","False"
"2026-09-20 19:41:56.455","92.94","22572","msedgewebview2","97.7","False"
"2026-09-20 19:41:56.455","92.94","2656","DSH Desktop","95.8","False"
"2026-09-20 19:41:56.455","92.94","1068","csrss","84.2","False"
"2026-09-20 19:41:56.455","92.94","21436","QQ","55.5","False"
"2026-09-20 19:41:56.455","92.94","25940","WindowsTerminal","55","False"
"2026-09-20 19:41:56.455","92.94","25848","chrome","54.3","False"
"2026-09-20 19:41:56.455","92.94","24348","bililive_browser","49.5","False"
"2026-09-20 19:41:56.455","92.94","17700","livehime","48.8","False"
"2026-09-20 19:41:56.455","92.94","2708","HipsDaemon","45.8","False"
"2026-09-20 19:41:56.455","92.94","12784","explorer","39.1","False"
"2026-09-20 19:41:56.455","92.94","23272","SystemSettings","32.3","False"
"2026-09-20 19:41:56.455","92.94","15204","launcher_main","26.6","False"
"2026-09-20 19:41:56.455","92.94","16008","SearchApp","24.5","False"
"2026-09-20 19:41:56.455","92.94","3696","TextInputHost","15.4","False"
"2026-09-20 19:41:56.455","92.94","18164","LockApp","12.3","False"
"2026-09-20 19:41:56.455","92.94","18564","Video.UI","10.9","False"
"2026-09-20 19:41:56.455","92.94","22644","WeChatAppEx","10.6","False"
"2026-09-20 19:41:56.455","92.94","25340","chrome","9.7","False"
"2026-09-20 19:41:56.455","92.94","4","System","4","False"
"2026-09-20 19:41:57.908","94.39","26820","llama-server","7217.5","False"
"2026-09-20 19:41:57.908","94.39","20224","Client-Win64-Shipping","3303.9","True"
"2026-09-20 19:41:57.908","94.39","2272","dwm","492.1","False"
"2026-09-20 19:41:57.908","94.39","14604","obs64","123","False"
"2026-09-20 19:41:57.908","94.39","22572","msedgewebview2","97.7","False"
"2026-09-20 19:41:57.908","94.39","2656","DSH Desktop","95.8","False"
"2026-09-20 19:41:57.908","94.39","1068","csrss","84.2","False"
"2026-09-20 19:41:57.908","94.39","21436","QQ","55.5","False"
"2026-09-20 19:41:57.908","94.39","25940","WindowsTerminal","55","False"
"2026-09-20 19:41:57.908","94.39","25848","chrome","54.3","False"
"2026-09-20 19:41:57.908","94.39","24348","bililive_browser","49.5","False"
"2026-09-20 19:41:57.908","94.39","17700","livehime","48.8","False"
"2026-09-20 19:41:57.908","94.39","2708","HipsDaemon","45.8","False"
"2026-09-20 19:41:57.908","94.39","12784","explorer","39.1","False"
"2026-09-20 19:41:57.908","94.39","23272","SystemSettings","32.3","False"
"2026-09-20 19:41:57.908","94.39","15204","launcher_main","26.6","False"
"2026-09-20 19:41:57.908","94.39","16008","SearchApp","24.5","False"
"2026-09-20 19:41:57.908","94.39","3696","TextInputHost","15.4","False"
"2026-09-20 19:41:57.908","94.39","18164","LockApp","12.3","False"
"2026-09-20 19:41:57.908","94.39","18564","Video.UI","10.9","False"
"2026-09-20 19:41:57.908","94.39","22644","WeChatAppEx","10.6","False"
"2026-09-20 19:41:57.908","94.39","25340","chrome","9.7","False"
"2026-09-20 19:41:57.908","94.39","4","System","4","False"
"2026-09-20 19:41:59.347","95.83","26820","llama-server","7217.5","False"
"2026-09-20 19:41:59.347","95.83","20224","Client-Win64-Shipping","3303.9","True"
"2026-09-20 19:41:59.347","95.83","2272","dwm","492.1","False"
"2026-09-20 19:41:59.347","95.83","14604","obs64","123","False"
"2026-09-20 19:41:59.347","95.83","22572","msedgewebview2","97.7","False"
"2026-09-20 19:41:59.347","95.83","2656","DSH Desktop","95.8","False"
"2026-09-20 19:41:59.347","95.83","1068","csrss","84.2","False"
"2026-09-20 19:41:59.347","95.83","21436","QQ","55.5","False"
"2026-09-20 19:41:59.347","95.83","25940","WindowsTerminal","55","False"
"2026-09-20 19:41:59.347","95.83","25848","chrome","54.3","False"
"2026-09-20 19:41:59.347","95.83","24348","bililive_browser","49.5","False"
"2026-09-20 19:41:59.347","95.83","17700","livehime","48.8","False"
"2026-09-20 19:41:59.347","95.83","2708","HipsDaemon","45.8","False"
"2026-09-20 19:41:59.347","95.83","12784","explorer","39.1","False"
"2026-09-20 19:41:59.347","95.83","23272","SystemSettings","32.3","False"
"2026-09-20 19:41:59.347","95.83","15204","launcher_main","26.6","False"
"2026-09-20 19:41:59.347","95.83","16008","SearchApp","24.5","False"
"2026-09-20 19:41:59.347","95.83","3696","TextInputHost","15.4","False"
"2026-09-20 19:41:59.347","95.83","18164","LockApp","12.3","False"
"2026-09-20 19:41:59.347","95.83","18564","Video.UI","10.9","False"
"2026-09-20 19:41:59.347","95.83","22644","WeChatAppEx","10.6","False"
"2026-09-20 19:41:59.347","95.83","25340","chrome","9.7","False"
"2026-09-20 19:41:59.347","95.83","4","System","4","False"
"2026-09-20 19:42:00.819","97.3","26820","llama-server","7217.5","False"
"2026-09-20 19:42:00.819","97.3","20224","Client-Win64-Shipping","3303.9","True"
"2026-09-20 19:42:00.819","97.3","2272","dwm","492.1","False"
"2026-09-20 19:42:00.819","97.3","14604","obs64","123","False"
"2026-09-20 19:42:00.819","97.3","22572","msedgewebview2","97.7","False"
"2026-09-20 19:42:00.819","97.3","2656","DSH Desktop","95.8","False"
"2026-09-20 19:42:00.819","97.3","1068","csrss","84.2","False"
"2026-09-20 19:42:00.819","97.3","21436","QQ","55.5","False"
"2026-09-20 19:42:00.819","97.3","25940","WindowsTerminal","55","False"
"2026-09-20 19:42:00.819","97.3","25848","chrome","54.3","False"
"2026-09-20 19:42:00.819","97.3","24348","bililive_browser","49.5","False"
"2026-09-20 19:42:00.819","97.3","17700","livehime","48.8","False"
"2026-09-20 19:42:00.819","97.3","2708","HipsDaemon","45.8","False"
"2026-09-20 19:42:00.819","97.3","12784","explorer","39.1","False"
"2026-09-20 19:42:00.819","97.3","23272","SystemSettings","32.3","False"
"2026-09-20 19:42:00.819","97.3","15204","launcher_main","26.6","False"
"2026-09-20 19:42:00.819","97.3","16008","SearchApp","24.5","False"
"2026-09-20 19:42:00.819","97.3","3696","TextInputHost","15.4","False"
"2026-09-20 19:42:00.819","97.3","18164","LockApp","12.3","False"
"2026-09-20 19:42:00.819","97.3","18564","Video.UI","10.9","False"
"2026-09-20 19:42:00.819","97.3","22644","WeChatAppEx","10.6","False"
"2026-09-20 19:42:00.819","97.3","25340","chrome","9.7","False"
"2026-09-20 19:42:00.819","97.3","4","System","4","False"
"2026-09-20 19:42:02.235","98.72","26820","llama-server","7217.5","False"
"2026-09-20 19:42:02.235","98.72","20224","Client-Win64-Shipping","3303.9","True"
"2026-09-20 19:42:02.235","98.72","2272","dwm","492.1","False"
"2026-09-20 19:42:02.235","98.72","14604","obs64","123","False"
"2026-09-20 19:42:02.235","98.72","22572","msedgewebview2","97.7","False"
"2026-09-20 19:42:02.235","98.72","2656","DSH Desktop","95.8","False"
"2026-09-20 19:42:02.235","98.72","1068","csrss","84.2","False"
"2026-09-20 19:42:02.235","98.72","21436","QQ","55.5","False"
"2026-09-20 19:42:02.235","98.72","25940","WindowsTerminal","55","False"
"2026-09-20 19:42:02.235","98.72","25848","chrome","54.3","False"
"2026-09-20 19:42:02.235","98.72","24348","bililive_browser","49.5","False"
"2026-09-20 19:42:02.235","98.72","17700","livehime","48.8","False"
"2026-09-20 19:42:02.235","98.72","2708","HipsDaemon","45.8","False"
"2026-09-20 19:42:02.235","98.72","12784","explorer","39.1","False"
"2026-09-20 19:42:02.235","98.72","23272","SystemSettings","32.3","False"
"2026-09-20 19:42:02.235","98.72","15204","launcher_main","26.6","False"
"2026-09-20 19:42:02.235","98.72","16008","SearchApp","24.5","False"
"2026-09-20 19:42:02.235","98.72","3696","TextInputHost","15.4","False"
"2026-09-20 19:42:02.235","98.72","18164","LockApp","12.3","False"
"2026-09-20 19:42:02.235","98.72","18564","Video.UI","10.9","False"
"2026-09-20 19:42:02.235","98.72","22644","WeChatAppEx","10.6","False"
"2026-09-20 19:42:02.235","98.72","25340","chrome","9.7","False"
"2026-09-20 19:42:02.235","98.72","4","System","4","False"
"2026-09-20 19:42:03.661","100.15","26820","llama-server","7217.5","False"
"2026-09-20 19:42:03.661","100.15","20224","Client-Win64-Shipping","3303.9","True"
"2026-09-20 19:42:03.661","100.15","2272","dwm","492.1","False"
"2026-09-20 19:42:03.661","100.15","14604","obs64","123","False"
"2026-09-20 19:42:03.661","100.15","22572","msedgewebview2","97.7","False"
"2026-09-20 19:42:03.661","100.15","2656","DSH Desktop","95.8","False"
"2026-09-20 19:42:03.661","100.15","1068","csrss","84.2","False"
"2026-09-20 19:42:03.661","100.15","21436","QQ","55.5","False"
"2026-09-20 19:42:03.661","100.15","25940","WindowsTerminal","55","False"
"2026-09-20 19:42:03.661","100.15","25848","chrome","54.3","False"
"2026-09-20 19:42:03.661","100.15","24348","bililive_browser","49.5","False"
"2026-09-20 19:42:03.661","100.15","17700","livehime","48.8","False"
"2026-09-20 19:42:03.661","100.15","2708","HipsDaemon","45.8","False"
"2026-09-20 19:42:03.661","100.15","12784","explorer","39.1","False"
"2026-09-20 19:42:03.661","100.15","23272","SystemSettings","32.3","False"
"2026-09-20 19:42:03.661","100.15","15204","launcher_main","26.6","False"
"2026-09-20 19:42:03.661","100.15","16008","SearchApp","24.5","False"
"2026-09-20 19:42:03.661","100.15","3696","TextInputHost","15.4","False"
"2026-09-20 19:42:03.661","100.15","18164","LockApp","12.3","False"
"2026-09-20 19:42:03.661","100.15","18564","Video.UI","10.9","False"
"2026-09-20 19:42:03.661","100.15","22644","WeChatAppEx","10.6","False"
"2026-09-20 19:42:03.661","100.15","25340","chrome","9.7","False"
"2026-09-20 19:42:03.661","100.15","4","System","4","False"
"2026-09-20 19:42:05.099","101.58","26820","llama-server","7217.5","False"
"2026-09-20 19:42:05.099","101.58","20224","Client-Win64-Shipping","3303.9","True"
"2026-09-20 19:42:05.099","101.58","2272","dwm","492.1","False"
"2026-09-20 19:42:05.099","101.58","14604","obs64","123","False"
"2026-09-20 19:42:05.099","101.58","22572","msedgewebview2","97.7","False"
"2026-09-20 19:42:05.099","101.58","2656","DSH Desktop","95.8","False"
"2026-09-20 19:42:05.099","101.58","1068","csrss","84.2","False"
"2026-09-20 19:42:05.099","101.58","21436","QQ","55.5","False"
"2026-09-20 19:42:05.099","101.58","25940","WindowsTerminal","55","False"
"2026-09-20 19:42:05.099","101.58","25848","chrome","54.3","False"
"2026-09-20 19:42:05.099","101.58","24348","bililive_browser","49.5","False"
"2026-09-20 19:42:05.099","101.58","17700","livehime","48.8","False"
"2026-09-20 19:42:05.099","101.58","2708","HipsDaemon","45.8","False"
"2026-09-20 19:42:05.099","101.58","12784","explorer","39.1","False"
"2026-09-20 19:42:05.099","101.58","23272","SystemSettings","32.3","False"
"2026-09-20 19:42:05.099","101.58","15204","launcher_main","26.6","False"
"2026-09-20 19:42:05.099","101.58","16008","SearchApp","24.5","False"
"2026-09-20 19:42:05.099","101.58","3696","TextInputHost","15.4","False"
"2026-09-20 19:42:05.099","101.58","18164","LockApp","12.3","False"
"2026-09-20 19:42:05.099","101.58","18564","Video.UI","10.9","False"
"2026-09-20 19:42:05.099","101.58","22644","WeChatAppEx","10.6","False"
"2026-09-20 19:42:05.099","101.58","25340","chrome","9.7","False"
"2026-09-20 19:42:05.099","101.58","4","System","4","False"
"2026-09-20 19:42:06.532","103.02","26820","llama-server","7217.5","False"
"2026-09-20 19:42:06.532","103.02","20224","Client-Win64-Shipping","3303.9","True"
"2026-09-20 19:42:06.532","103.02","2272","dwm","492.1","False"
"2026-09-20 19:42:06.532","103.02","14604","obs64","123","False"
"2026-09-20 19:42:06.532","103.02","22572","msedgewebview2","97.7","False"
"2026-09-20 19:42:06.532","103.02","2656","DSH Desktop","95.8","False"
"2026-09-20 19:42:06.532","103.02","1068","csrss","84.2","False"
"2026-09-20 19:42:06.532","103.02","21436","QQ","55.5","False"
"2026-09-20 19:42:06.532","103.02","25940","WindowsTerminal","55","False"
"2026-09-20 19:42:06.532","103.02","25848","chrome","54.3","False"
"2026-09-20 19:42:06.532","103.02","24348","bililive_browser","49.5","False"
"2026-09-20 19:42:06.532","103.02","17700","livehime","48.8","False"
"2026-09-20 19:42:06.532","103.02","2708","HipsDaemon","45.8","False"
"2026-09-20 19:42:06.532","103.02","12784","explorer","39.1","False"
"2026-09-20 19:42:06.532","103.02","23272","SystemSettings","32.3","False"
"2026-09-20 19:42:06.532","103.02","15204","launcher_main","26.6","False"
"2026-09-20 19:42:06.532","103.02","16008","SearchApp","24.5","False"
"2026-09-20 19:42:06.532","103.02","3696","TextInputHost","15.4","False"
"2026-09-20 19:42:06.532","103.02","18164","LockApp","12.3","False"
"2026-09-20 19:42:06.532","103.02","18564","Video.UI","10.9","False"
"2026-09-20 19:42:06.532","103.02","22644","WeChatAppEx","10.6","False"
"2026-09-20 19:42:06.532","103.02","25340","chrome","9.7","False"
"2026-09-20 19:42:06.532","103.02","4","System","4","False"
"2026-09-20 19:42:07.960","104.45","26820","llama-server","7217.5","False"
"2026-09-20 19:42:07.960","104.45","20224","Client-Win64-Shipping","3303.9","True"
"2026-09-20 19:42:07.960","104.45","2272","dwm","492.1","False"
"2026-09-20 19:42:07.960","104.45","14604","obs64","123","False"
"2026-09-20 19:42:07.960","104.45","22572","msedgewebview2","97.7","False"
"2026-09-20 19:42:07.960","104.45","2656","DSH Desktop","95.8","False"
"2026-09-20 19:42:07.960","104.45","1068","csrss","84.2","False"
"2026-09-20 19:42:07.960","104.45","21436","QQ","55.5","False"
"2026-09-20 19:42:07.960","104.45","25940","WindowsTerminal","55","False"
"2026-09-20 19:42:07.960","104.45","25848","chrome","54.3","False"
"2026-09-20 19:42:07.960","104.45","24348","bililive_browser","49.5","False"
"2026-09-20 19:42:07.960","104.45","17700","livehime","48.8","False"
"2026-09-20 19:42:07.960","104.45","2708","HipsDaemon","45.8","False"
"2026-09-20 19:42:07.960","104.45","12784","explorer","39.1","False"
"2026-09-20 19:42:07.960","104.45","23272","SystemSettings","32.3","False"
"2026-09-20 19:42:07.960","104.45","15204","launcher_main","26.6","False"
"2026-09-20 19:42:07.960","104.45","16008","SearchApp","24.5","False"
"2026-09-20 19:42:07.960","104.45","3696","TextInputHost","15.4","False"
"2026-09-20 19:42:07.960","104.45","18164","LockApp","12.3","False"
"2026-09-20 19:42:07.960","104.45","18564","Video.UI","10.9","False"
"2026-09-20 19:42:07.960","104.45","22644","WeChatAppEx","10.6","False"
"2026-09-20 19:42:07.960","104.45","25340","chrome","9.7","False"
"2026-09-20 19:42:07.960","104.45","4","System","4","False"
"2026-09-20 19:42:09.453","105.94","26820","llama-server","7217.5","False"
"2026-09-20 19:42:09.453","105.94","20224","Client-Win64-Shipping","3303.9","True"
"2026-09-20 19:42:09.453","105.94","2272","dwm","492.1","False"
"2026-09-20 19:42:09.453","105.94","14604","obs64","123","False"
"2026-09-20 19:42:09.453","105.94","22572","msedgewebview2","97.7","False"
"2026-09-20 19:42:09.453","105.94","2656","DSH Desktop","95.8","False"
"2026-09-20 19:42:09.453","105.94","1068","csrss","84.2","False"
"2026-09-20 19:42:09.453","105.94","21436","QQ","55.5","False"
"2026-09-20 19:42:09.453","105.94","25940","WindowsTerminal","55","False"
"2026-09-20 19:42:09.453","105.94","25848","chrome","54.3","False"
"2026-09-20 19:42:09.453","105.94","24348","bililive_browser","49.5","False"
"2026-09-20 19:42:09.453","105.94","17700","livehime","48.8","False"
"2026-09-20 19:42:09.453","105.94","2708","HipsDaemon","45.8","False"
"2026-09-20 19:42:09.453","105.94","12784","explorer","39.1","False"
"2026-09-20 19:42:09.453","105.94","23272","SystemSettings","32.3","False"
"2026-09-20 19:42:09.453","105.94","15204","launcher_main","26.6","False"
"2026-09-20 19:42:09.453","105.94","16008","SearchApp","24.5","False"
"2026-09-20 19:42:09.453","105.94","3696","TextInputHost","15.4","False"
"2026-09-20 19:42:09.453","105.94","18164","LockApp","12.3","False"
"2026-09-20 19:42:09.453","105.94","18564","Video.UI","10.9","False"
"2026-09-20 19:42:09.453","105.94","22644","WeChatAppEx","10.6","False"
"2026-09-20 19:42:09.453","105.94","25340","chrome","9.7","False"
"2026-09-20 19:42:09.453","105.94","4","System","4","False"
"2026-09-20 19:42:10.871","107.36","26820","llama-server","7217.5","False"
"2026-09-20 19:42:10.871","107.36","20224","Client-Win64-Shipping","3303.9","True"
"2026-09-20 19:42:10.871","107.36","2272","dwm","492.1","False"
"2026-09-20 19:42:10.871","107.36","14604","obs64","123","False"
"2026-09-20 19:42:10.871","107.36","22572","msedgewebview2","97.7","False"
"2026-09-20 19:42:10.871","107.36","2656","DSH Desktop","95.8","False"
"2026-09-20 19:42:10.871","107.36","1068","csrss","84.2","False"
"2026-09-20 19:42:10.871","107.36","21436","QQ","55.5","False"
"2026-09-20 19:42:10.871","107.36","25940","WindowsTerminal","55","False"
"2026-09-20 19:42:10.871","107.36","25848","chrome","54.3","False"
"2026-09-20 19:42:10.871","107.36","24348","bililive_browser","49.5","False"
"2026-09-20 19:42:10.871","107.36","17700","livehime","48.8","False"
"2026-09-20 19:42:10.871","107.36","2708","HipsDaemon","45.8","False"
"2026-09-20 19:42:10.871","107.36","12784","explorer","39.1","False"
"2026-09-20 19:42:10.871","107.36","23272","SystemSettings","32.3","False"
"2026-09-20 19:42:10.871","107.36","15204","launcher_main","26.6","False"
"2026-09-20 19:42:10.871","107.36","16008","SearchApp","24.5","False"
"2026-09-20 19:42:10.871","107.36","3696","TextInputHost","15.4","False"
"2026-09-20 19:42:10.871","107.36","18164","LockApp","12.3","False"
"2026-09-20 19:42:10.871","107.36","18564","Video.UI","10.9","False"
"2026-09-20 19:42:10.871","107.36","22644","WeChatAppEx","10.6","False"
"2026-09-20 19:42:10.871","107.36","25340","chrome","9.7","False"
"2026-09-20 19:42:10.871","107.36","4","System","4","False"
"2026-09-20 19:42:12.292","108.78","26820","llama-server","7217.5","False"
"2026-09-20 19:42:12.292","108.78","20224","Client-Win64-Shipping","3303.9","True"
"2026-09-20 19:42:12.292","108.78","2272","dwm","492.1","False"
"2026-09-20 19:42:12.292","108.78","14604","obs64","123","False"
"2026-09-20 19:42:12.292","108.78","22572","msedgewebview2","97.7","False"
"2026-09-20 19:42:12.292","108.78","2656","DSH Desktop","95.8","False"
"2026-09-20 19:42:12.292","108.78","1068","csrss","84.2","False"
"2026-09-20 19:42:12.292","108.78","21436","QQ","55.5","False"
"2026-09-20 19:42:12.292","108.78","25940","WindowsTerminal","55","False"
"2026-09-20 19:42:12.292","108.78","25848","chrome","54.3","False"
"2026-09-20 19:42:12.292","108.78","24348","bililive_browser","49.5","False"
"2026-09-20 19:42:12.292","108.78","17700","livehime","48.8","False"
"2026-09-20 19:42:12.292","108.78","2708","HipsDaemon","45.8","False"
"2026-09-20 19:42:12.292","108.78","12784","explorer","39.1","False"
"2026-09-20 19:42:12.292","108.78","23272","SystemSettings","32.3","False"
"2026-09-20 19:42:12.292","108.78","15204","launcher_main","26.6","False"
"2026-09-20 19:42:12.292","108.78","16008","SearchApp","24.5","False"
"2026-09-20 19:42:12.292","108.78","3696","TextInputHost","15.4","False"
"2026-09-20 19:42:12.292","108.78","18164","LockApp","12.3","False"
"2026-09-20 19:42:12.292","108.78","18564","Video.UI","10.9","False"
"2026-09-20 19:42:12.292","108.78","22644","WeChatAppEx","10.6","False"
"2026-09-20 19:42:12.292","108.78","25340","chrome","9.7","False"
"2026-09-20 19:42:12.292","108.78","4","System","4","False"
"2026-09-20 19:42:13.720","110.21","26820","llama-server","7217.5","False"
"2026-09-20 19:42:13.720","110.21","20224","Client-Win64-Shipping","3303.9","True"
"2026-09-20 19:42:13.720","110.21","2272","dwm","492.1","False"
"2026-09-20 19:42:13.720","110.21","14604","obs64","123","False"
"2026-09-20 19:42:13.720","110.21","22572","msedgewebview2","97.7","False"
"2026-09-20 19:42:13.720","110.21","2656","DSH Desktop","95.8","False"
"2026-09-20 19:42:13.720","110.21","1068","csrss","84.2","False"
"2026-09-20 19:42:13.720","110.21","21436","QQ","55.5","False"
"2026-09-20 19:42:13.720","110.21","25940","WindowsTerminal","55","False"
"2026-09-20 19:42:13.720","110.21","25848","chrome","54.3","False"
"2026-09-20 19:42:13.720","110.21","24348","bililive_browser","49.5","False"
"2026-09-20 19:42:13.720","110.21","17700","livehime","48.8","False"
"2026-09-20 19:42:13.720","110.21","2708","HipsDaemon","45.8","False"
"2026-09-20 19:42:13.720","110.21","12784","explorer","39.1","False"
"2026-09-20 19:42:13.720","110.21","23272","SystemSettings","32.3","False"
"2026-09-20 19:42:13.720","110.21","15204","launcher_main","26.6","False"
"2026-09-20 19:42:13.720","110.21","16008","SearchApp","24.5","False"
"2026-09-20 19:42:13.720","110.21","3696","TextInputHost","15.4","False"
"2026-09-20 19:42:13.720","110.21","18164","LockApp","12.3","False"
"2026-09-20 19:42:13.720","110.21","18564","Video.UI","10.9","False"
"2026-09-20 19:42:13.720","110.21","22644","WeChatAppEx","10.6","False"
"2026-09-20 19:42:13.720","110.21","25340","chrome","9.7","False"
"2026-09-20 19:42:13.720","110.21","4","System","4","False"
"2026-09-20 19:42:15.151","111.64","26820","llama-server","7217.5","False"
"2026-09-20 19:42:15.151","111.64","20224","Client-Win64-Shipping","3303.9","True"
"2026-09-20 19:42:15.151","111.64","2272","dwm","492.1","False"
"2026-09-20 19:42:15.151","111.64","14604","obs64","123","False"
"2026-09-20 19:42:15.151","111.64","22572","msedgewebview2","97.7","False"
"2026-09-20 19:42:15.151","111.64","2656","DSH Desktop","95.8","False"
"2026-09-20 19:42:15.151","111.64","1068","csrss","84.2","False"
"2026-09-20 19:42:15.151","111.64","21436","QQ","55.5","False"
"2026-09-20 19:42:15.151","111.64","25940","WindowsTerminal","55","False"
"2026-09-20 19:42:15.151","111.64","25848","chrome","54.3","False"
"2026-09-20 19:42:15.151","111.64","24348","bililive_browser","49.5","False"
"2026-09-20 19:42:15.151","111.64","17700","livehime","48.8","False"
"2026-09-20 19:42:15.151","111.64","2708","HipsDaemon","45.8","False"
"2026-09-20 19:42:15.151","111.64","12784","explorer","39.1","False"
"2026-09-20 19:42:15.151","111.64","23272","SystemSettings","32.3","False"
"2026-09-20 19:42:15.151","111.64","15204","launcher_main","26.6","False"
"2026-09-20 19:42:15.151","111.64","16008","SearchApp","24.5","False"
"2026-09-20 19:42:15.151","111.64","3696","TextInputHost","15.4","False"
"2026-09-20 19:42:15.151","111.64","18164","LockApp","12.3","False"
"2026-09-20 19:42:15.151","111.64","18564","Video.UI","10.9","False"
"2026-09-20 19:42:15.151","111.64","22644","WeChatAppEx","10.6","False"
"2026-09-20 19:42:15.151","111.64","25340","chrome","9.7","False"
"2026-09-20 19:42:15.151","111.64","4","System","4","False"
"2026-09-20 19:42:16.574","113.06","26820","llama-server","7217.5","False"
"2026-09-20 19:42:16.574","113.06","20224","Client-Win64-Shipping","3303.9","True"
"2026-09-20 19:42:16.574","113.06","2272","dwm","492.1","False"
"2026-09-20 19:42:16.574","113.06","14604","obs64","123","False"
"2026-09-20 19:42:16.574","113.06","22572","msedgewebview2","97.7","False"
"2026-09-20 19:42:16.574","113.06","2656","DSH Desktop","95.8","False"
"2026-09-20 19:42:16.574","113.06","1068","csrss","84.2","False"
"2026-09-20 19:42:16.574","113.06","21436","QQ","55.5","False"
"2026-09-20 19:42:16.574","113.06","25940","WindowsTerminal","55","False"
"2026-09-20 19:42:16.574","113.06","25848","chrome","54.3","False"
"2026-09-20 19:42:16.574","113.06","24348","bililive_browser","49.5","False"
"2026-09-20 19:42:16.574","113.06","17700","livehime","48.8","False"
"2026-09-20 19:42:16.574","113.06","2708","HipsDaemon","45.8","False"
"2026-09-20 19:42:16.574","113.06","12784","explorer","39.1","False"
"2026-09-20 19:42:16.574","113.06","23272","SystemSettings","32.3","False"
"2026-09-20 19:42:16.574","113.06","15204","launcher_main","26.6","False"
"2026-09-20 19:42:16.574","113.06","16008","SearchApp","24.5","False"
"2026-09-20 19:42:16.574","113.06","3696","TextInputHost","15.4","False"
"2026-09-20 19:42:16.574","113.06","18164","LockApp","12.3","False"
"2026-09-20 19:42:16.574","113.06","18564","Video.UI","10.9","False"
"2026-09-20 19:42:16.574","113.06","22644","WeChatAppEx","10.6","False"
"2026-09-20 19:42:16.574","113.06","25340","chrome","9.7","False"
"2026-09-20 19:42:16.574","113.06","4","System","4","False"
"2026-09-20 19:42:17.991","114.48","26820","llama-server","7217.5","False"
"2026-09-20 19:42:17.991","114.48","20224","Client-Win64-Shipping","3303.9","True"
"2026-09-20 19:42:17.991","114.48","2272","dwm","492.1","False"
"2026-09-20 19:42:17.991","114.48","14604","obs64","123","False"
"2026-09-20 19:42:17.991","114.48","22572","msedgewebview2","97.7","False"
"2026-09-20 19:42:17.991","114.48","2656","DSH Desktop","95.8","False"
"2026-09-20 19:42:17.991","114.48","1068","csrss","84.2","False"
"2026-09-20 19:42:17.991","114.48","21436","QQ","55.5","False"
"2026-09-20 19:42:17.991","114.48","25940","WindowsTerminal","55","False"
"2026-09-20 19:42:17.991","114.48","25848","chrome","54.3","False"
"2026-09-20 19:42:17.991","114.48","24348","bililive_browser","49.5","False"
"2026-09-20 19:42:17.991","114.48","17700","livehime","48.8","False"
"2026-09-20 19:42:17.991","114.48","2708","HipsDaemon","45.8","False"
"2026-09-20 19:42:17.991","114.48","12784","explorer","39.1","False"
"2026-09-20 19:42:17.991","114.48","23272","SystemSettings","32.3","False"
"2026-09-20 19:42:17.991","114.48","15204","launcher_main","26.6","False"
"2026-09-20 19:42:17.991","114.48","16008","SearchApp","24.5","False"
"2026-09-20 19:42:17.991","114.48","3696","TextInputHost","15.4","False"
"2026-09-20 19:42:17.991","114.48","18164","LockApp","12.3","False"
"2026-09-20 19:42:17.991","114.48","18564","Video.UI","10.9","False"
"2026-09-20 19:42:17.991","114.48","22644","WeChatAppEx","10.6","False"
"2026-09-20 19:42:17.991","114.48","25340","chrome","9.7","False"
"2026-09-20 19:42:17.991","114.48","4","System","4","False"
"2026-09-20 19:42:19.408","115.89","26820","llama-server","7217.5","False"
"2026-09-20 19:42:19.408","115.89","20224","Client-Win64-Shipping","3303.9","True"
"2026-09-20 19:42:19.408","115.89","2272","dwm","492.1","False"
"2026-09-20 19:42:19.408","115.89","14604","obs64","123","False"
"2026-09-20 19:42:19.408","115.89","22572","msedgewebview2","97.7","False"
"2026-09-20 19:42:19.408","115.89","2656","DSH Desktop","95.8","False"
"2026-09-20 19:42:19.408","115.89","1068","csrss","84.2","False"
"2026-09-20 19:42:19.408","115.89","21436","QQ","55.5","False"
"2026-09-20 19:42:19.408","115.89","25940","WindowsTerminal","55","False"
"2026-09-20 19:42:19.408","115.89","25848","chrome","54.3","False"
"2026-09-20 19:42:19.408","115.89","24348","bililive_browser","49.5","False"
"2026-09-20 19:42:19.408","115.89","17700","livehime","48.8","False"
"2026-09-20 19:42:19.408","115.89","2708","HipsDaemon","45.8","False"
"2026-09-20 19:42:19.408","115.89","12784","explorer","39.1","False"
"2026-09-20 19:42:19.408","115.89","23272","SystemSettings","32.3","False"
"2026-09-20 19:42:19.408","115.89","15204","launcher_main","26.6","False"
"2026-09-20 19:42:19.408","115.89","16008","SearchApp","24.5","False"
"2026-09-20 19:42:19.408","115.89","3696","TextInputHost","15.4","False"
"2026-09-20 19:42:19.408","115.89","18164","LockApp","12.3","False"
"2026-09-20 19:42:19.408","115.89","18564","Video.UI","10.9","False"
"2026-09-20 19:42:19.408","115.89","22644","WeChatAppEx","10.6","False"
"2026-09-20 19:42:19.408","115.89","25340","chrome","9.7","False"
"2026-09-20 19:42:19.408","115.89","4","System","4","False"
"2026-09-20 19:42:20.834","117.32","26820","llama-server","7217.5","False"
"2026-09-20 19:42:20.834","117.32","20224","Client-Win64-Shipping","3309","True"
"2026-09-20 19:42:20.834","117.32","2272","dwm","492.1","False"
"2026-09-20 19:42:20.834","117.32","14604","obs64","123","False"
"2026-09-20 19:42:20.834","117.32","22572","msedgewebview2","97.7","False"
"2026-09-20 19:42:20.834","117.32","2656","DSH Desktop","95.8","False"
"2026-09-20 19:42:20.834","117.32","1068","csrss","84.2","False"
"2026-09-20 19:42:20.834","117.32","21436","QQ","55.5","False"
"2026-09-20 19:42:20.834","117.32","25940","WindowsTerminal","55","False"
"2026-09-20 19:42:20.834","117.32","25848","chrome","54.3","False"
"2026-09-20 19:42:20.834","117.32","24348","bililive_browser","49.5","False"
"2026-09-20 19:42:20.834","117.32","17700","livehime","48.8","False"
"2026-09-20 19:42:20.834","117.32","2708","HipsDaemon","45.8","False"
"2026-09-20 19:42:20.834","117.32","12784","explorer","39.1","False"
"2026-09-20 19:42:20.834","117.32","23272","SystemSettings","32.3","False"
"2026-09-20 19:42:20.834","117.32","15204","launcher_main","26.6","False"
"2026-09-20 19:42:20.834","117.32","16008","SearchApp","24.5","False"
"2026-09-20 19:42:20.834","117.32","3696","TextInputHost","15.4","False"
"2026-09-20 19:42:20.834","117.32","18164","LockApp","12.3","False"
"2026-09-20 19:42:20.834","117.32","18564","Video.UI","10.9","False"
"2026-09-20 19:42:20.834","117.32","22644","WeChatAppEx","10.6","False"
"2026-09-20 19:42:20.834","117.32","25340","chrome","9.7","False"
"2026-09-20 19:42:20.834","117.32","4","System","4","False"
"2026-09-20 19:42:22.260","118.75","26820","llama-server","7217.5","False"
"2026-09-20 19:42:22.260","118.75","20224","Client-Win64-Shipping","3309","True"
"2026-09-20 19:42:22.260","118.75","2272","dwm","492.1","False"
"2026-09-20 19:42:22.260","118.75","14604","obs64","123","False"
"2026-09-20 19:42:22.260","118.75","22572","msedgewebview2","97.7","False"
"2026-09-20 19:42:22.260","118.75","2656","DSH Desktop","95.8","False"
"2026-09-20 19:42:22.260","118.75","1068","csrss","84.2","False"
"2026-09-20 19:42:22.260","118.75","21436","QQ","55.5","False"
"2026-09-20 19:42:22.260","118.75","25940","WindowsTerminal","55","False"
"2026-09-20 19:42:22.260","118.75","25848","chrome","54.3","False"
"2026-09-20 19:42:22.260","118.75","24348","bililive_browser","49.5","False"
"2026-09-20 19:42:22.260","118.75","17700","livehime","48.8","False"
"2026-09-20 19:42:22.260","118.75","2708","HipsDaemon","45.8","False"
"2026-09-20 19:42:22.260","118.75","12784","explorer","39.1","False"
"2026-09-20 19:42:22.260","118.75","23272","SystemSettings","32.3","False"
"2026-09-20 19:42:22.260","118.75","15204","launcher_main","26.6","False"
"2026-09-20 19:42:22.260","118.75","16008","SearchApp","24.5","False"
"2026-09-20 19:42:22.260","118.75","3696","TextInputHost","15.4","False"
"2026-09-20 19:42:22.260","118.75","18164","LockApp","12.3","False"
"2026-09-20 19:42:22.260","118.75","18564","Video.UI","10.9","False"
"2026-09-20 19:42:22.260","118.75","22644","WeChatAppEx","10.6","False"
"2026-09-20 19:42:22.260","118.75","25340","chrome","9.7","False"
"2026-09-20 19:42:22.260","118.75","4","System","4","False"
